(== (.. (.. (prev obj2) origin) x) 5)|[0, 0, 0, 0, 0, 0, 0, 0, 0, 0, 0, 1, 1, 1, 1, 0, 0, 0, 0, 0, 0, 0, 0, 0, 0, 0]
"(& right (! (in (Position 0 1) (map (--> obj2 (displacement (.. obj2 origin) (if (== 0 (length (filter (--> obj (== (.. obj id) x)) (prev addedObjType3List)))) then (Position -10 -10) else (.. (first (filter (--> obj (== (.. obj id) x)) (prev addedObjType3List))) origin)))) (filter (--> obj2 (== (.. obj2 color) ""blue"")) (prev addedObjType3List))))))"|{'5': [0, 0, 0, 0, 0, 0, 0, 0, 0, 0, 1, 0, 0, 0, 0, 0, 0, 0, 0, 0, 0, 0, 0, 0, 0, 0], '4': [0, 0, 0, 0, 0, 0, 0, 0, 0, 0, 1, 0, 0, 0, 0, 0, 0, 0, 0, 0, 0, 0, 0, 0, 0, 0], '3': [0, 0, 0, 0, 0, 0, 0, 0, 0, 0, 1, 0, 0, 0, 0, 0, 0, 0, 0, 0, 0, 0, 0, 0, 0, 0]}
(! (intersects (move (prev obj2) 0 1) (prev addedObjType3List)))|[1, 1, 1, 0, 1, 1, 1, 1, 1, 0, 1, 1, 1, 0, 1, 1, 1, 1, 1, 1, 1, 1, 1, 1, 1, 1]
(in 2 (map (--> obj (.. (.. obj origin) y)) (filter (--> obj (== (.. obj id) x)) (prev addedObjType3List))))|{'5': [0, 0, 0, 0, 0, 0, 0, 0, 0, 0, 0, 0, 0, 0, 1, 0, 0, 0, 0, 0, 0, 0, 0, 0, 0, 0], '4': [0, 0, 0, 0, 0, 0, 0, 0, 0, 0, 1, 0, 0, 0, 0, 0, 0, 0, 0, 0, 0, 0, 0, 0, 0, 0], '3': [0, 0, 0, 0, 1, 0, 0, 0, 0, 0, 0, 0, 0, 0, 0, 0, 0, 0, 0, 0, 0, 0, 0, 0, 0, 0]}
(intersects (move (prev obj1) 3 1) (prev addedObjType3List))|[0, 0, 0, 1, 1, 0, 0, 0, 0, 1, 1, 0, 0, 0, 0, 0, 0, 0, 0, 0, 0, 0, 0, 0, 0, 0]
(in true (map (--> obj (isWithinBounds obj)) (map (--> obj (move obj 3 0)) (filter (--> obj (== (.. obj id) x)) (prev addedObjType3List)))))|{'5': [0, 0, 0, 0, 0, 0, 0, 0, 0, 0, 0, 0, 0, 0, 0, 0, 0, 0, 0, 0, 0, 0, 0, 0, 0, 0], '4': [0, 0, 0, 0, 0, 0, 0, 0, 0, 1, 1, 1, 1, 1, 1, 1, 1, 1, 1, 1, 1, 1, 1, 1, 1, 1], '3': [0, 0, 0, 1, 1, 1, 1, 1, 1, 1, 1, 1, 1, 1, 1, 1, 1, 1, 1, 1, 1, 1, 1, 1, 1, 1]}
"(in (Position 0 3) (map (--> obj2 (displacement (.. obj2 origin) (if (== 0 (length (filter (--> obj (== (.. obj id) x)) (prev addedObjType3List)))) then (Position -10 -10) else (.. (first (filter (--> obj (== (.. obj id) x)) (prev addedObjType3List))) origin)))) (filter (--> obj2 (== (.. obj2 color) ""lightblue"")) (prev addedObjType3List))))"|{'5': [0, 0, 0, 0, 0, 0, 0, 0, 0, 0, 0, 0, 0, 0, 0, 0, 0, 0, 0, 0, 0, 0, 0, 0, 0, 0], '4': [0, 0, 0, 0, 0, 0, 0, 0, 0, 0, 0, 0, 0, 0, 0, 0, 0, 0, 0, 0, 0, 0, 0, 0, 0, 0], '3': [0, 0, 0, 0, 0, 0, 0, 0, 0, 0, 0, 0, 1, 0, 0, 0, 0, 0, 0, 0, 0, 0, 0, 0, 0, 0]}
(in true (map (--> obj (== (.. obj id) x)) (filter (--> obj (== (.. obj id) x)) (prev addedObjType3List))))|{'5': [0, 0, 0, 0, 0, 0, 0, 0, 0, 0, 0, 0, 0, 1, 1, 1, 1, 1, 1, 1, 1, 1, 1, 1, 1, 1], '4': [0, 0, 0, 0, 0, 0, 0, 0, 0, 1, 1, 1, 1, 1, 1, 1, 1, 1, 1, 1, 1, 1, 1, 1, 1, 1], '3': [0, 0, 0, 1, 1, 1, 1, 1, 1, 1, 1, 1, 1, 1, 1, 1, 1, 1, 1, 1, 1, 1, 1, 1, 1, 1]}
"(& right (in (Position 0 0) (map (--> obj2 (displacement (.. obj2 origin) (if (== 0 (length (filter (--> obj (== (.. obj id) x)) (prev addedObjType3List)))) then (Position -10 -10) else (.. (first (filter (--> obj (== (.. obj id) x)) (prev addedObjType3List))) origin)))) (filter (--> obj2 (== (.. obj2 color) ""lightblue"")) (prev addedObjType3List)))))"|{'5': [0, 0, 0, 0, 0, 0, 0, 0, 0, 0, 0, 0, 0, 0, 0, 0, 0, 0, 0, 0, 0, 0, 0, 0, 0, 0], '4': [0, 0, 0, 0, 0, 0, 0, 0, 0, 0, 1, 0, 0, 0, 0, 0, 0, 0, 0, 0, 0, 0, 0, 0, 0, 0], '3': [0, 0, 0, 0, 0, 0, 0, 0, 0, 0, 1, 0, 0, 0, 0, 0, 0, 0, 0, 0, 0, 0, 0, 0, 0, 0]}
"(! (in (Position 1 -1) (map (--> obj2 (displacement (.. obj2 origin) (if (== 0 (length (filter (--> obj (== (.. obj id) x)) (prev addedObjType3List)))) then (Position -10 -10) else (.. (first (filter (--> obj (== (.. obj id) x)) (prev addedObjType3List))) origin)))) (filter (--> obj2 (== (.. obj2 color) ""lightblue"")) (prev addedObjType3List)))))"|{'5': [1, 1, 1, 1, 1, 1, 1, 1, 1, 1, 1, 1, 1, 1, 1, 1, 1, 0, 1, 1, 1, 1, 1, 1, 1, 1], '4': [1, 1, 1, 1, 1, 1, 1, 1, 1, 1, 1, 1, 1, 1, 1, 1, 1, 1, 1, 1, 1, 1, 1, 1, 1, 1], '3': [1, 1, 1, 1, 1, 1, 1, 1, 1, 1, 1, 1, 1, 1, 1, 1, 1, 1, 1, 1, 1, 1, 1, 1, 1, 1]}
"(& left (! (in (Position 1 0) (map (--> obj2 (displacement (.. obj2 origin) (if (== 0 (length (filter (--> obj (== (.. obj id) x)) (prev addedObjType3List)))) then (Position -10 -10) else (.. (first (filter (--> obj (== (.. obj id) x)) (prev addedObjType3List))) origin)))) (filter (--> obj2 (== (.. obj2 color) ""blue"")) (prev addedObjType3List))))))"|{'5': [0, 0, 0, 0, 0, 0, 0, 0, 0, 0, 0, 0, 0, 0, 1, 0, 0, 0, 0, 0, 0, 0, 0, 0, 0, 0], '4': [0, 0, 0, 0, 0, 0, 0, 0, 0, 0, 0, 0, 0, 0, 1, 0, 0, 0, 0, 0, 0, 0, 0, 0, 0, 0], '3': [0, 0, 0, 0, 0, 0, 0, 0, 0, 0, 0, 0, 0, 0, 1, 0, 0, 0, 0, 0, 0, 0, 0, 0, 0, 0]}
"(in (Position 1 -1) (map (--> obj2 (displacement (.. obj2 origin) (if (== 0 (length (filter (--> obj (== (.. obj id) x)) (prev addedObjType3List)))) then (Position -10 -10) else (.. (first (filter (--> obj (== (.. obj id) x)) (prev addedObjType3List))) origin)))) (filter (--> obj2 (== (.. obj2 color) ""lightblue"")) (prev addedObjType3List))))"|{'5': [0, 0, 0, 0, 0, 0, 0, 0, 0, 0, 0, 0, 0, 0, 0, 0, 0, 1, 0, 0, 0, 0, 0, 0, 0, 0], '4': [0, 0, 0, 0, 0, 0, 0, 0, 0, 0, 0, 0, 0, 0, 0, 0, 0, 0, 0, 0, 0, 0, 0, 0, 0, 0], '3': [0, 0, 0, 0, 0, 0, 0, 0, 0, 0, 0, 0, 0, 0, 0, 0, 0, 0, 0, 0, 0, 0, 0, 0, 0, 0]}
(! (intersects (move (prev obj1) 3 1) (prev addedObjType3List)))|[1, 1, 1, 0, 0, 1, 1, 1, 1, 0, 0, 1, 1, 1, 1, 1, 1, 1, 1, 1, 1, 1, 1, 1, 1, 1]
(in true       (map (--> obj (! (isWithinBounds (moveDown obj)))) (filter (--> obj (== (.. obj id) x)) (prev addedObjType3List))))|{'5': [0, 0, 0, 0, 0, 0, 0, 0, 0, 0, 0, 0, 0, 0, 0, 0, 0, 0, 0, 0, 1, 1, 1, 1, 1, 1], '4': [0, 0, 0, 0, 0, 0, 0, 0, 0, 0, 0, 0, 0, 0, 0, 0, 0, 0, 0, 0, 1, 1, 1, 1, 1, 1], '3': [0, 0, 0, 0, 0, 0, 0, 0, 0, 0, 1, 1, 1, 1, 1, 1, 1, 1, 1, 1, 1, 1, 1, 1, 1, 1]}
(! (intersects (move (prev obj2) 1 3) (prev addedObjType3List)))|[1, 1, 1, 1, 1, 0, 1, 1, 1, 1, 1, 1, 1, 1, 1, 0, 1, 1, 1, 1, 1, 1, 1, 1, 1, 1]
"(! (in (Position 1 -1) (map (--> obj2 (displacement (.. obj2 origin) (if (== 0 (length (filter (--> obj (== (.. obj id) x)) (prev addedObjType3List)))) then (Position -10 -10) else (.. (first (filter (--> obj (== (.. obj id) x)) (prev addedObjType3List))) origin)))) (filter (--> obj2 (== (.. obj2 color) ""blue"")) (prev addedObjType3List)))))"|{'5': [1, 1, 1, 1, 1, 1, 1, 1, 1, 1, 1, 1, 1, 1, 1, 1, 1, 1, 0, 0, 1, 1, 1, 1, 1, 1], '4': [1, 1, 1, 1, 1, 1, 1, 1, 1, 1, 1, 1, 1, 1, 1, 1, 1, 1, 1, 1, 1, 1, 1, 1, 1, 1], '3': [1, 1, 1, 1, 1, 1, 1, 1, 1, 1, 1, 1, 1, 1, 1, 1, 1, 1, 1, 1, 1, 1, 1, 1, 1, 1]}
(in 3 (map (--> obj (.. (.. obj origin) y)) (filter (--> obj (== (.. obj id) x)) (prev addedObjType3List))))|{'5': [0, 0, 0, 0, 0, 0, 0, 0, 0, 0, 0, 0, 0, 0, 0, 1, 0, 0, 0, 0, 0, 0, 0, 0, 0, 0], '4': [0, 0, 0, 0, 0, 0, 0, 0, 0, 0, 0, 1, 0, 0, 0, 0, 0, 0, 0, 0, 0, 0, 0, 0, 0, 0], '3': [0, 0, 0, 0, 0, 1, 0, 0, 0, 0, 0, 0, 0, 0, 0, 0, 0, 0, 0, 0, 0, 0, 0, 0, 0, 0]}
(clicked (filter (--> obj (== (.. obj id) x)) (prev addedObjType3List)))|{'5': [0, 0, 0, 0, 0, 0, 0, 0, 0, 0, 0, 0, 0, 0, 0, 0, 0, 0, 0, 0, 0, 0, 0, 0, 0, 0], '4': [0, 0, 0, 0, 0, 0, 0, 0, 0, 0, 0, 0, 0, 0, 0, 0, 0, 0, 0, 0, 0, 0, 0, 0, 0, 0], '3': [0, 0, 0, 0, 0, 0, 0, 0, 0, 0, 0, 0, 0, 0, 0, 0, 0, 0, 0, 0, 0, 0, 0, 0, 0, 0]}
(intersects (move (prev obj2) -1 3) (prev addedObjType3List))|[0, 0, 0, 0, 0, 1, 0, 0, 0, 0, 0, 1, 0, 0, 0, 0, 0, 0, 0, 0, 0, 0, 0, 0, 0, 0]
"(! (in (Position -1 1) (map (--> obj2 (displacement (.. obj2 origin) (if (== 0 (length (filter (--> obj (== (.. obj id) x)) (prev addedObjType3List)))) then (Position -10 -10) else (.. (first (filter (--> obj (== (.. obj id) x)) (prev addedObjType3List))) origin)))) (filter (--> obj2 (== (.. obj2 color) ""lightblue"")) (prev addedObjType3List)))))"|{'5': [1, 1, 1, 1, 1, 1, 1, 1, 1, 1, 1, 1, 1, 1, 1, 1, 1, 1, 1, 1, 1, 1, 1, 1, 1, 1], '4': [1, 1, 1, 1, 1, 1, 1, 1, 1, 1, 1, 1, 1, 1, 1, 1, 1, 0, 1, 1, 1, 1, 1, 1, 1, 1], '3': [1, 1, 1, 1, 1, 1, 1, 1, 1, 1, 1, 1, 1, 1, 1, 1, 1, 1, 1, 1, 1, 1, 1, 1, 1, 1]}
"(in (Position 0 -2) (map (--> obj2 (displacement (.. obj2 origin) (if (== 0 (length (filter (--> obj (== (.. obj id) x)) (prev addedObjType3List)))) then (Position -10 -10) else (.. (first (filter (--> obj (== (.. obj id) x)) (prev addedObjType3List))) origin)))) (filter (--> obj2 (== (.. obj2 color) ""lightblue"")) (prev addedObjType3List))))"|{'5': [0, 0, 0, 0, 0, 0, 0, 0, 0, 0, 0, 0, 0, 0, 0, 0, 0, 0, 0, 0, 0, 0, 0, 0, 0, 0], '4': [0, 0, 0, 0, 0, 0, 0, 0, 0, 0, 0, 0, 0, 1, 0, 0, 0, 0, 0, 0, 0, 0, 0, 0, 0, 0], '3': [0, 0, 0, 0, 0, 0, 0, 0, 0, 0, 0, 0, 0, 0, 0, 0, 0, 0, 0, 0, 0, 0, 0, 0, 0, 0]}
"(in (Position -1 -1) (map (--> obj2 (displacement (.. obj2 origin) (if (== 0 (length (filter (--> obj (== (.. obj id) x)) (prev addedObjType3List)))) then (Position -10 -10) else (.. (first (filter (--> obj (== (.. obj id) x)) (prev addedObjType3List))) origin)))) (filter (--> obj2 (== (.. obj2 color) ""blue"")) (prev addedObjType3List))))"|{'5': [0, 0, 0, 0, 0, 0, 0, 0, 0, 0, 0, 0, 0, 0, 0, 0, 0, 0, 0, 0, 0, 0, 0, 0, 0, 0], '4': [0, 0, 0, 0, 0, 0, 0, 0, 0, 0, 0, 0, 0, 0, 0, 0, 0, 0, 0, 1, 0, 0, 0, 0, 0, 0], '3': [0, 0, 0, 0, 0, 0, 0, 0, 0, 0, 0, 0, 0, 0, 0, 0, 0, 0, 0, 0, 0, 0, 0, 0, 0, 0]}
"(in (Position -1 1) (map (--> obj2 (displacement (.. obj2 origin) (if (== 0 (length (filter (--> obj (== (.. obj id) x)) (prev addedObjType3List)))) then (Position -10 -10) else (.. (first (filter (--> obj (== (.. obj id) x)) (prev addedObjType3List))) origin)))) (filter (--> obj2 (== (.. obj2 color) ""lightblue"")) (prev addedObjType3List))))"|{'5': [0, 0, 0, 0, 0, 0, 0, 0, 0, 0, 0, 0, 0, 0, 0, 0, 0, 0, 0, 0, 0, 0, 0, 0, 0, 0], '4': [0, 0, 0, 0, 0, 0, 0, 0, 0, 0, 0, 0, 0, 0, 0, 0, 0, 1, 0, 0, 0, 0, 0, 0, 0, 0], '3': [0, 0, 0, 0, 0, 0, 0, 0, 0, 0, 0, 0, 0, 0, 0, 0, 0, 0, 0, 0, 0, 0, 0, 0, 0, 0]}
(intersects (map (--> obj (.. (moveDownNoCollision obj) origin)) (filter (--> obj (== (.. obj id) x)) (prev addedObjType3List))) (map (--> obj (.. obj origin)) (filter (--> obj (== (.. obj id) x)) (prev addedObjType3List))))|{'5': [0, 0, 0, 0, 0, 0, 0, 0, 0, 0, 0, 0, 0, 0, 0, 0, 0, 0, 0, 0, 1, 1, 1, 1, 1, 1], '4': [0, 0, 0, 0, 0, 0, 0, 0, 0, 0, 0, 0, 0, 0, 1, 1, 1, 1, 1, 0, 1, 1, 1, 1, 1, 1], '3': [0, 0, 0, 0, 0, 0, 0, 0, 0, 0, 1, 1, 1, 1, 1, 1, 1, 1, 1, 1, 1, 1, 1, 1, 1, 1]}
"(& down (! (in (Position 0 4) (map (--> obj2 (displacement (.. obj2 origin) (if (== 0 (length (filter (--> obj (== (.. obj id) x)) (prev addedObjType3List)))) then (Position -10 -10) else (.. (first (filter (--> obj (== (.. obj id) x)) (prev addedObjType3List))) origin)))) (filter (--> obj2 (== (.. obj2 color) ""blue"")) (prev addedObjType3List))))))"|{'5': [0, 0, 1, 0, 0, 0, 0, 0, 1, 0, 0, 0, 1, 0, 0, 0, 0, 0, 0, 0, 0, 0, 0, 0, 0, 0], '4': [0, 0, 1, 0, 0, 0, 0, 0, 1, 0, 0, 0, 1, 0, 0, 0, 0, 0, 0, 0, 0, 0, 0, 0, 0, 0], '3': [0, 0, 1, 0, 0, 0, 0, 0, 1, 0, 0, 0, 1, 0, 0, 0, 0, 0, 0, 0, 0, 0, 0, 0, 0, 0]}
"(& down (! (in (Position 0 3) (map (--> obj2 (displacement (.. obj2 origin) (if (== 0 (length (filter (--> obj (== (.. obj id) x)) (prev addedObjType3List)))) then (Position -10 -10) else (.. (first (filter (--> obj (== (.. obj id) x)) (prev addedObjType3List))) origin)))) (filter (--> obj2 (== (.. obj2 color) ""lightblue"")) (prev addedObjType3List))))))"|{'5': [0, 0, 1, 0, 0, 0, 0, 0, 1, 0, 0, 0, 1, 0, 0, 0, 0, 0, 0, 0, 0, 0, 0, 0, 0, 0], '4': [0, 0, 1, 0, 0, 0, 0, 0, 1, 0, 0, 0, 1, 0, 0, 0, 0, 0, 0, 0, 0, 0, 0, 0, 0, 0], '3': [0, 0, 1, 0, 0, 0, 0, 0, 1, 0, 0, 0, 0, 0, 0, 0, 0, 0, 0, 0, 0, 0, 0, 0, 0, 0]}
(in true (map (--> obj (isWithinBounds obj)) (map (--> obj (move obj 1 -2)) (filter (--> obj (== (.. obj id) x)) (prev addedObjType3List)))))|{'5': [0, 0, 0, 0, 0, 0, 0, 0, 0, 0, 0, 0, 0, 0, 1, 1, 1, 1, 1, 1, 1, 1, 1, 1, 1, 1], '4': [0, 0, 0, 0, 0, 0, 0, 0, 0, 0, 1, 1, 1, 1, 1, 1, 1, 1, 1, 1, 1, 1, 1, 1, 1, 1], '3': [0, 0, 0, 0, 1, 1, 1, 1, 1, 1, 1, 1, 1, 1, 1, 1, 1, 1, 1, 1, 1, 1, 1, 1, 1, 1]}
(in true (map (--> obj (isFree (.. obj origin))) (map (--> obj (move obj 0 -2)) (filter (--> obj (== (.. obj id) x)) (prev addedObjType3List)))))|{'5': [0, 0, 0, 0, 0, 0, 0, 0, 0, 0, 0, 0, 0, 1, 0, 1, 1, 1, 1, 1, 1, 1, 1, 1, 1, 1], '4': [0, 0, 0, 0, 0, 0, 0, 0, 0, 1, 0, 1, 1, 1, 1, 1, 1, 1, 1, 1, 1, 1, 1, 1, 1, 1], '3': [0, 0, 0, 1, 0, 1, 1, 1, 1, 1, 1, 1, 1, 0, 1, 1, 1, 1, 1, 1, 1, 1, 1, 1, 1, 1]}
(in true (map (--> obj (isFree (.. obj origin))) (map (--> obj (move obj 2 0)) (filter (--> obj (== (.. obj id) x)) (prev addedObjType3List)))))|{'5': [0, 0, 0, 0, 0, 0, 0, 0, 0, 0, 0, 0, 0, 1, 1, 1, 1, 1, 1, 1, 1, 1, 1, 1, 1, 1], '4': [0, 0, 0, 0, 0, 0, 0, 0, 0, 1, 1, 1, 1, 1, 1, 1, 1, 1, 1, 0, 0, 0, 0, 0, 0, 0], '3': [0, 0, 0, 1, 1, 1, 1, 1, 1, 1, 1, 1, 1, 1, 1, 1, 1, 1, 1, 1, 1, 1, 1, 1, 1, 1]}
(intersects (map (--> obj (.. (moveUpNoCollision obj) origin)) (filter (--> obj (== (.. obj id) x)) (prev addedObjType3List))) (map (--> obj (.. obj origin)) (filter (--> obj (== (.. obj id) x)) (prev addedObjType3List))))|{'5': [0, 0, 0, 0, 0, 0, 0, 0, 0, 0, 0, 0, 0, 1, 0, 0, 0, 0, 0, 0, 0, 0, 0, 0, 0, 0], '4': [0, 0, 0, 0, 0, 0, 0, 0, 0, 1, 0, 0, 0, 0, 0, 0, 0, 0, 0, 0, 0, 0, 0, 0, 0, 0], '3': [0, 0, 0, 1, 0, 0, 0, 0, 0, 0, 0, 0, 0, 0, 1, 1, 1, 1, 1, 0, 0, 0, 0, 0, 0, 0]}
(in true (map (--> obj (isWithinBounds obj)) (map (--> obj (move obj 0 2)) (filter (--> obj (== (.. obj id) x)) (prev addedObjType3List)))))|{'5': [0, 0, 0, 0, 0, 0, 0, 0, 0, 0, 0, 0, 0, 1, 1, 1, 1, 1, 1, 0, 0, 0, 0, 0, 0, 0], '4': [0, 0, 0, 0, 0, 0, 0, 0, 0, 1, 1, 1, 1, 1, 0, 0, 0, 0, 0, 0, 0, 0, 0, 0, 0, 0], '3': [0, 0, 0, 1, 1, 1, 1, 1, 1, 0, 0, 0, 0, 0, 0, 0, 0, 0, 0, 0, 0, 0, 0, 0, 0, 0]}
(in true (map (--> obj (isFree (.. obj origin))) (map (--> obj (move obj -1 -2)) (filter (--> obj (== (.. obj id) x)) (prev addedObjType3List)))))|{'5': [0, 0, 0, 0, 0, 0, 0, 0, 0, 0, 0, 0, 0, 1, 0, 1, 1, 1, 1, 1, 1, 1, 1, 1, 1, 1], '4': [0, 0, 0, 0, 0, 0, 0, 0, 0, 1, 0, 1, 1, 1, 1, 1, 1, 1, 1, 1, 1, 1, 1, 1, 1, 1], '3': [0, 0, 0, 1, 0, 1, 1, 1, 1, 1, 1, 1, 1, 1, 1, 1, 1, 1, 1, 1, 1, 1, 1, 1, 1, 1]}
"(! (in (Position 1 1) (map (--> obj2 (displacement (.. obj2 origin) (if (== 0 (length (filter (--> obj (== (.. obj id) x)) (prev addedObjType3List)))) then (Position -10 -10) else (.. (first (filter (--> obj (== (.. obj id) x)) (prev addedObjType3List))) origin)))) (filter (--> obj2 (== (.. obj2 color) ""blue"")) (prev addedObjType3List)))))"|{'5': [1, 1, 1, 1, 1, 1, 1, 1, 1, 1, 1, 1, 1, 1, 1, 1, 1, 1, 1, 1, 1, 1, 1, 1, 1, 1], '4': [1, 1, 1, 1, 1, 1, 1, 1, 1, 1, 1, 1, 1, 1, 1, 1, 1, 1, 1, 1, 1, 1, 1, 1, 1, 1], '3': [1, 1, 1, 1, 1, 1, 1, 1, 1, 1, 1, 1, 1, 1, 1, 1, 1, 1, 1, 0, 1, 1, 1, 1, 1, 1]}
"(! (in (Position 0 3) (map (--> obj2 (displacement (.. obj2 origin) (if (== 0 (length (filter (--> obj (== (.. obj id) x)) (prev addedObjType3List)))) then (Position -10 -10) else (.. (first (filter (--> obj (== (.. obj id) x)) (prev addedObjType3List))) origin)))) (filter (--> obj2 (== (.. obj2 color) ""lightblue"")) (prev addedObjType3List)))))"|{'5': [1, 1, 1, 1, 1, 1, 1, 1, 1, 1, 1, 1, 1, 1, 1, 1, 1, 1, 1, 1, 1, 1, 1, 1, 1, 1], '4': [1, 1, 1, 1, 1, 1, 1, 1, 1, 1, 1, 1, 1, 1, 1, 1, 1, 1, 1, 1, 1, 1, 1, 1, 1, 1], '3': [1, 1, 1, 1, 1, 1, 1, 1, 1, 1, 1, 1, 0, 1, 1, 1, 1, 1, 1, 1, 1, 1, 1, 1, 1, 1]}
(in (Position 0 -3) (map (--> obj (displacement (.. obj origin) (.. (prev obj2) origin))) (filter (--> obj (== (.. obj id) x)) (prev addedObjType3List))))|{'5': [0, 0, 0, 0, 0, 0, 0, 0, 0, 0, 0, 0, 0, 0, 0, 0, 0, 0, 0, 0, 0, 0, 0, 0, 0, 0], '4': [0, 0, 0, 0, 0, 0, 0, 0, 0, 0, 0, 0, 0, 0, 0, 0, 0, 0, 0, 0, 0, 0, 0, 0, 0, 0], '3': [0, 0, 0, 0, 0, 1, 0, 0, 0, 0, 0, 0, 0, 0, 0, 0, 0, 0, 0, 0, 0, 0, 0, 0, 0, 0]}
"(in (Position 0 2) (map (--> obj2 (displacement (.. obj2 origin) (if (== 0 (length (filter (--> obj (== (.. obj id) x)) (prev addedObjType3List)))) then (Position -10 -10) else (.. (first (filter (--> obj (== (.. obj id) x)) (prev addedObjType3List))) origin)))) (filter (--> obj2 (== (.. obj2 color) ""lightblue"")) (prev addedObjType3List))))"|{'5': [0, 0, 0, 0, 0, 0, 0, 0, 0, 0, 0, 0, 0, 0, 0, 0, 0, 0, 0, 0, 0, 0, 0, 0, 0, 0], '4': [0, 0, 0, 0, 0, 0, 0, 0, 0, 0, 0, 0, 0, 0, 0, 0, 0, 0, 0, 0, 0, 0, 0, 0, 0, 0], '3': [0, 0, 0, 0, 0, 0, 0, 0, 0, 0, 0, 0, 0, 1, 0, 0, 0, 0, 0, 0, 0, 0, 0, 0, 0, 0]}
"(& down (in (Position 0 0) (map (--> obj2 (displacement (.. obj2 origin) (if (== 0 (length (filter (--> obj (== (.. obj id) x)) (prev addedObjType3List)))) then (Position -10 -10) else (.. (first (filter (--> obj (== (.. obj id) x)) (prev addedObjType3List))) origin)))) (filter (--> obj2 (== (.. obj2 color) ""lightblue"")) (prev addedObjType3List)))))"|{'5': [0, 0, 0, 0, 0, 0, 0, 0, 0, 0, 0, 0, 0, 0, 0, 0, 0, 0, 0, 0, 0, 0, 0, 0, 0, 0], '4': [0, 0, 0, 0, 0, 0, 0, 0, 0, 0, 0, 0, 1, 0, 0, 0, 0, 0, 0, 0, 0, 0, 0, 0, 0, 0], '3': [0, 0, 0, 0, 0, 0, 0, 0, 1, 0, 0, 0, 1, 0, 0, 0, 0, 0, 0, 0, 0, 0, 0, 0, 0, 0]}
(intersects (move (prev obj2) 1 3) (prev addedObjType3List))|[0, 0, 0, 0, 0, 1, 0, 0, 0, 0, 0, 0, 0, 0, 0, 1, 0, 0, 0, 0, 0, 0, 0, 0, 0, 0]
"(! (intersects (map (--> obj (moveDown obj)) (filter (--> obj (== (.. obj id) x)) (prev addedObjType3List))) (filter (--> obj (== (.. obj color) ""blue"")) (prev addedObjType3List))))"|{'5': [1, 1, 1, 1, 1, 1, 1, 1, 1, 1, 1, 1, 1, 1, 1, 1, 1, 1, 1, 1, 1, 1, 1, 1, 1, 1], '4': [1, 1, 1, 1, 1, 1, 1, 1, 1, 1, 1, 1, 1, 1, 1, 1, 1, 1, 0, 1, 1, 1, 1, 1, 1, 1], '3': [1, 1, 1, 1, 1, 1, 1, 1, 1, 1, 1, 1, 1, 1, 1, 1, 1, 1, 1, 1, 1, 1, 1, 1, 1, 1]}
(in true (map (--> obj (isWithinBounds obj)) (map (--> obj (move obj 0 3)) (filter (--> obj (== (.. obj id) x)) (prev addedObjType3List)))))|{'5': [0, 0, 0, 0, 0, 0, 0, 0, 0, 0, 0, 0, 0, 1, 1, 1, 1, 0, 0, 0, 0, 0, 0, 0, 0, 0], '4': [0, 0, 0, 0, 0, 0, 0, 0, 0, 1, 1, 1, 1, 0, 0, 0, 0, 0, 0, 0, 0, 0, 0, 0, 0, 0], '3': [0, 0, 0, 1, 1, 1, 1, 1, 0, 0, 0, 0, 0, 0, 0, 0, 0, 0, 0, 0, 0, 0, 0, 0, 0, 0]}
(in true (map (--> obj (isFree (.. obj origin))) (map (--> obj (move obj 0 2)) (filter (--> obj (== (.. obj id) x)) (prev addedObjType3List)))))|{'5': [0, 0, 0, 0, 0, 0, 0, 0, 0, 0, 0, 0, 0, 1, 1, 1, 1, 1, 1, 1, 1, 1, 1, 1, 1, 1], '4': [0, 0, 0, 0, 0, 0, 0, 0, 0, 1, 1, 1, 1, 0, 1, 1, 1, 1, 1, 1, 1, 1, 1, 1, 1, 1], '3': [0, 0, 0, 1, 1, 1, 1, 1, 1, 1, 1, 1, 1, 1, 1, 1, 1, 1, 1, 1, 1, 1, 1, 1, 1, 1]}
"(intersects (map (--> obj (moveDown obj)) (filter (--> obj (== (.. obj id) x)) (prev addedObjType3List))) (filter (--> obj (== (.. obj color) ""blue"")) (prev addedObjType3List)))"|{'5': [0, 0, 0, 0, 0, 0, 0, 0, 0, 0, 0, 0, 0, 0, 0, 0, 0, 0, 0, 0, 0, 0, 0, 0, 0, 0], '4': [0, 0, 0, 0, 0, 0, 0, 0, 0, 0, 0, 0, 0, 0, 0, 0, 0, 0, 1, 0, 0, 0, 0, 0, 0, 0], '3': [0, 0, 0, 0, 0, 0, 0, 0, 0, 0, 0, 0, 0, 0, 0, 0, 0, 0, 0, 0, 0, 0, 0, 0, 0, 0]}
"(! (in (Position 0 -3) (map (--> obj2 (displacement (.. obj2 origin) (if (== 0 (length (filter (--> obj (== (.. obj id) x)) (prev addedObjType3List)))) then (Position -10 -10) else (.. (first (filter (--> obj (== (.. obj id) x)) (prev addedObjType3List))) origin)))) (filter (--> obj2 (== (.. obj2 color) ""lightblue"")) (prev addedObjType3List)))))"|{'5': [1, 1, 1, 1, 1, 1, 1, 1, 1, 1, 1, 1, 1, 1, 1, 1, 1, 1, 1, 1, 1, 1, 1, 1, 1, 1], '4': [1, 1, 1, 1, 1, 1, 1, 1, 1, 1, 1, 1, 0, 1, 1, 1, 1, 1, 1, 1, 1, 1, 1, 1, 1, 1], '3': [1, 1, 1, 1, 1, 1, 1, 1, 1, 1, 1, 1, 1, 1, 1, 1, 1, 1, 1, 1, 1, 1, 1, 1, 1, 1]}
(in true (map (--> obj (isWithinBounds obj)) (map (--> obj (move obj 1 1)) (filter (--> obj (== (.. obj id) x)) (prev addedObjType3List)))))|{'5': [0, 0, 0, 0, 0, 0, 0, 0, 0, 0, 0, 0, 0, 1, 1, 1, 1, 1, 1, 1, 0, 0, 0, 0, 0, 0], '4': [0, 0, 0, 0, 0, 0, 0, 0, 0, 1, 1, 1, 1, 1, 1, 1, 1, 1, 1, 1, 0, 0, 0, 0, 0, 0], '3': [0, 0, 0, 1, 1, 1, 1, 1, 1, 1, 0, 0, 0, 0, 0, 0, 0, 0, 0, 0, 0, 0, 0, 0, 0, 0]}
"(! (in (Position -1 1) (map (--> obj2 (displacement (.. obj2 origin) (if (== 0 (length (filter (--> obj (== (.. obj id) x)) (prev addedObjType3List)))) then (Position -10 -10) else (.. (first (filter (--> obj (== (.. obj id) x)) (prev addedObjType3List))) origin)))) (filter (--> obj2 (== (.. obj2 color) ""blue"")) (prev addedObjType3List)))))"|{'5': [1, 1, 1, 1, 1, 1, 1, 1, 1, 1, 1, 1, 1, 1, 1, 1, 1, 1, 1, 1, 1, 1, 1, 1, 1, 1], '4': [1, 1, 1, 1, 1, 1, 1, 1, 1, 1, 1, 1, 1, 1, 1, 1, 1, 1, 0, 1, 1, 1, 1, 1, 1, 1], '3': [1, 1, 1, 1, 1, 1, 1, 1, 1, 1, 1, 1, 1, 1, 1, 1, 1, 1, 1, 0, 1, 1, 1, 1, 1, 1]}
(intersects (move (prev obj1) 3 0) (prev addedObjType3List))|[0, 0, 0, 1, 0, 0, 0, 0, 0, 1, 0, 0, 0, 0, 0, 0, 0, 0, 0, 0, 0, 0, 0, 0, 0, 0]
(in true (map (--> obj (isFree (.. obj origin))) (map (--> obj (move obj -1 1)) (filter (--> obj (== (.. obj id) x)) (prev addedObjType3List)))))|{'5': [0, 0, 0, 0, 0, 0, 0, 0, 0, 0, 0, 0, 0, 1, 1, 1, 1, 0, 0, 0, 1, 1, 1, 1, 1, 1], '4': [0, 0, 0, 0, 0, 0, 0, 0, 0, 1, 1, 1, 1, 1, 1, 1, 1, 1, 1, 1, 1, 1, 1, 1, 1, 1], '3': [0, 0, 0, 1, 1, 1, 1, 1, 1, 1, 1, 1, 1, 1, 1, 1, 1, 1, 1, 1, 1, 1, 1, 1, 1, 1]}
(! (intersects (move (prev obj2) 1 2) (prev addedObjType3List)))|[1, 1, 1, 1, 0, 1, 1, 1, 1, 1, 0, 1, 1, 1, 0, 1, 1, 1, 1, 1, 1, 1, 1, 1, 1, 1]
(in true (map (--> obj (isFree (.. obj origin))) (map (--> obj (move obj 1 0)) (filter (--> obj (== (.. obj id) x)) (prev addedObjType3List)))))|{'5': [0, 0, 0, 0, 0, 0, 0, 0, 0, 0, 0, 0, 0, 1, 1, 1, 1, 1, 1, 1, 1, 1, 1, 1, 1, 1], '4': [0, 0, 0, 0, 0, 0, 0, 0, 0, 1, 1, 1, 1, 1, 1, 1, 1, 1, 1, 1, 0, 0, 0, 0, 0, 0], '3': [0, 0, 0, 1, 1, 1, 1, 1, 1, 1, 1, 1, 1, 1, 1, 1, 1, 1, 1, 1, 0, 0, 0, 0, 0, 0]}
(! (intersects (move (prev obj2) -1 3) (prev addedObjType3List)))|[1, 1, 1, 1, 1, 0, 1, 1, 1, 1, 1, 0, 1, 1, 1, 1, 1, 1, 1, 1, 1, 1, 1, 1, 1, 1]
(in true (map (--> obj (isFree (.. obj origin))) (map (--> obj (move obj 0 -1)) (filter (--> obj (== (.. obj id) x)) (prev addedObjType3List)))))|{'5': [0, 0, 0, 0, 0, 0, 0, 0, 0, 0, 0, 0, 0, 0, 1, 1, 1, 1, 1, 1, 1, 1, 1, 1, 1, 1], '4': [0, 0, 0, 0, 0, 0, 0, 0, 0, 0, 1, 1, 1, 1, 1, 1, 1, 1, 1, 1, 1, 1, 1, 1, 1, 1], '3': [0, 0, 0, 0, 1, 1, 1, 1, 1, 1, 1, 1, 1, 1, 0, 0, 0, 0, 0, 1, 1, 1, 1, 1, 1, 1]}
"(! (in (Position 1 -2) (map (--> obj2 (displacement (.. obj2 origin) (if (== 0 (length (filter (--> obj (== (.. obj id) x)) (prev addedObjType3List)))) then (Position -10 -10) else (.. (first (filter (--> obj (== (.. obj id) x)) (prev addedObjType3List))) origin)))) (filter (--> obj2 (== (.. obj2 color) ""blue"")) (prev addedObjType3List)))))"|{'5': [1, 1, 1, 1, 1, 1, 1, 1, 1, 1, 1, 1, 1, 1, 1, 1, 1, 1, 0, 1, 1, 1, 1, 1, 1, 1], '4': [1, 1, 1, 1, 1, 1, 1, 1, 1, 1, 1, 1, 1, 1, 1, 1, 1, 1, 1, 1, 1, 1, 1, 1, 1, 1], '3': [1, 1, 1, 1, 1, 1, 1, 1, 1, 1, 1, 1, 1, 1, 1, 1, 1, 1, 1, 1, 1, 1, 1, 1, 1, 1]}
(in true (map (--> obj (isFree (.. obj origin))) (map (--> obj (move obj -1 0)) (filter (--> obj (== (.. obj id) x)) (prev addedObjType3List)))))|{'5': [0, 0, 0, 0, 0, 0, 0, 0, 0, 0, 0, 0, 0, 1, 1, 1, 1, 1, 1, 1, 0, 0, 0, 0, 0, 0], '4': [0, 0, 0, 0, 0, 0, 0, 0, 0, 1, 1, 1, 1, 1, 1, 1, 1, 1, 1, 1, 1, 1, 1, 1, 1, 1], '3': [0, 0, 0, 1, 1, 1, 1, 1, 1, 1, 1, 1, 1, 1, 1, 1, 1, 1, 1, 1, 0, 0, 0, 0, 0, 0]}
(in (Position 1 -3) (map (--> obj (displacement (.. obj origin) (.. (prev obj2) origin))) (filter (--> obj (== (.. obj id) x)) (prev addedObjType3List))))|{'5': [0, 0, 0, 0, 0, 0, 0, 0, 0, 0, 0, 0, 0, 0, 0, 0, 0, 0, 0, 0, 0, 0, 0, 0, 0, 0], '4': [0, 0, 0, 0, 0, 0, 0, 0, 0, 0, 0, 1, 0, 0, 0, 0, 0, 0, 0, 0, 0, 0, 0, 0, 0, 0], '3': [0, 0, 0, 0, 0, 0, 0, 0, 0, 0, 0, 0, 0, 0, 0, 0, 0, 0, 0, 0, 0, 0, 0, 0, 0, 0]}
right|[0, 0, 0, 0, 0, 0, 0, 0, 0, 0, 1, 0, 0, 0, 0, 0, 0, 0, 0, 0, 0, 0, 0, 0, 0, 0]
"(! (in (Position -1 -1) (map (--> obj2 (displacement (.. obj2 origin) (if (== 0 (length (filter (--> obj (== (.. obj id) x)) (prev addedObjType3List)))) then (Position -10 -10) else (.. (first (filter (--> obj (== (.. obj id) x)) (prev addedObjType3List))) origin)))) (filter (--> obj2 (== (.. obj2 color) ""blue"")) (prev addedObjType3List)))))"|{'5': [1, 1, 1, 1, 1, 1, 1, 1, 1, 1, 1, 1, 1, 1, 1, 1, 1, 1, 1, 1, 1, 1, 1, 1, 1, 1], '4': [1, 1, 1, 1, 1, 1, 1, 1, 1, 1, 1, 1, 1, 1, 1, 1, 1, 1, 1, 0, 1, 1, 1, 1, 1, 1], '3': [1, 1, 1, 1, 1, 1, 1, 1, 1, 1, 1, 1, 1, 1, 1, 1, 1, 1, 1, 1, 1, 1, 1, 1, 1, 1]}
"(in (Position 0 -3) (map (--> obj2 (displacement (.. obj2 origin) (if (== 0 (length (filter (--> obj (== (.. obj id) x)) (prev addedObjType3List)))) then (Position -10 -10) else (.. (first (filter (--> obj (== (.. obj id) x)) (prev addedObjType3List))) origin)))) (filter (--> obj2 (== (.. obj2 color) ""lightblue"")) (prev addedObjType3List))))"|{'5': [0, 0, 0, 0, 0, 0, 0, 0, 0, 0, 0, 0, 0, 0, 0, 0, 0, 0, 0, 0, 0, 0, 0, 0, 0, 0], '4': [0, 0, 0, 0, 0, 0, 0, 0, 0, 0, 0, 0, 1, 0, 0, 0, 0, 0, 0, 0, 0, 0, 0, 0, 0, 0], '3': [0, 0, 0, 0, 0, 0, 0, 0, 0, 0, 0, 0, 0, 0, 0, 0, 0, 0, 0, 0, 0, 0, 0, 0, 0, 0]}
"(in (Position 1 -2) (map (--> obj2 (displacement (.. obj2 origin) (if (== 0 (length (filter (--> obj (== (.. obj id) x)) (prev addedObjType3List)))) then (Position -10 -10) else (.. (first (filter (--> obj (== (.. obj id) x)) (prev addedObjType3List))) origin)))) (filter (--> obj2 (== (.. obj2 color) ""blue"")) (prev addedObjType3List))))"|{'5': [0, 0, 0, 0, 0, 0, 0, 0, 0, 0, 0, 0, 0, 0, 0, 0, 0, 0, 1, 0, 0, 0, 0, 0, 0, 0], '4': [0, 0, 0, 0, 0, 0, 0, 0, 0, 0, 0, 0, 0, 0, 0, 0, 0, 0, 0, 0, 0, 0, 0, 0, 0, 0], '3': [0, 0, 0, 0, 0, 0, 0, 0, 0, 0, 0, 0, 0, 0, 0, 0, 0, 0, 0, 0, 0, 0, 0, 0, 0, 0]}
"(in (Position 1 1) (map (--> obj2 (displacement (.. obj2 origin) (if (== 0 (length (filter (--> obj (== (.. obj id) x)) (prev addedObjType3List)))) then (Position -10 -10) else (.. (first (filter (--> obj (== (.. obj id) x)) (prev addedObjType3List))) origin)))) (filter (--> obj2 (== (.. obj2 color) ""blue"")) (prev addedObjType3List))))"|{'5': [0, 0, 0, 0, 0, 0, 0, 0, 0, 0, 0, 0, 0, 0, 0, 0, 0, 0, 0, 0, 0, 0, 0, 0, 0, 0], '4': [0, 0, 0, 0, 0, 0, 0, 0, 0, 0, 0, 0, 0, 0, 0, 0, 0, 0, 0, 0, 0, 0, 0, 0, 0, 0], '3': [0, 0, 0, 0, 0, 0, 0, 0, 0, 0, 0, 0, 0, 0, 0, 0, 0, 0, 0, 1, 0, 0, 0, 0, 0, 0]}
(isWithinBounds (move (prev obj2) 2 2))|[1, 1, 1, 1, 1, 1, 1, 1, 1, 1, 1, 0, 0, 0, 0, 1, 1, 1, 1, 1, 1, 1, 1, 1, 1, 1]
(& left (in (Position 0 -2) (map (--> obj (displacement (.. obj origin) (.. (prev obj2) origin))) (filter (--> obj (== (.. obj id) x)) (prev addedObjType3List)))))|{'5': [0, 0, 0, 0, 0, 0, 0, 0, 0, 0, 0, 0, 0, 0, 1, 0, 0, 0, 0, 0, 0, 0, 0, 0, 0, 0], '4': [0, 0, 0, 0, 0, 0, 0, 0, 0, 0, 0, 0, 0, 0, 0, 0, 0, 0, 0, 0, 0, 0, 0, 0, 0, 0], '3': [0, 0, 0, 0, 0, 0, 0, 0, 0, 0, 0, 0, 0, 0, 0, 0, 0, 0, 0, 0, 0, 0, 0, 0, 0, 0]}
(in true (map (--> obj (isFree (.. obj origin))) (map (--> obj (move obj -2 0)) (filter (--> obj (== (.. obj id) x)) (prev addedObjType3List)))))|{'5': [0, 0, 0, 0, 0, 0, 0, 0, 0, 0, 0, 0, 0, 1, 1, 1, 1, 1, 1, 0, 0, 0, 0, 0, 0, 0], '4': [0, 0, 0, 0, 0, 0, 0, 0, 0, 1, 1, 1, 1, 1, 1, 1, 1, 1, 1, 1, 1, 1, 1, 1, 1, 1], '3': [0, 0, 0, 1, 1, 1, 1, 1, 1, 1, 1, 1, 1, 1, 1, 1, 1, 1, 1, 1, 1, 1, 1, 1, 1, 1]}
"(! (in (Position 0 2) (map (--> obj2 (displacement (.. obj2 origin) (if (== 0 (length (filter (--> obj (== (.. obj id) x)) (prev addedObjType3List)))) then (Position -10 -10) else (.. (first (filter (--> obj (== (.. obj id) x)) (prev addedObjType3List))) origin)))) (filter (--> obj2 (== (.. obj2 color) ""lightblue"")) (prev addedObjType3List)))))"|{'5': [1, 1, 1, 1, 1, 1, 1, 1, 1, 1, 1, 1, 1, 1, 1, 1, 1, 1, 1, 1, 1, 1, 1, 1, 1, 1], '4': [1, 1, 1, 1, 1, 1, 1, 1, 1, 1, 1, 1, 1, 1, 1, 1, 1, 1, 1, 1, 1, 1, 1, 1, 1, 1], '3': [1, 1, 1, 1, 1, 1, 1, 1, 1, 1, 1, 1, 1, 0, 1, 1, 1, 1, 1, 1, 1, 1, 1, 1, 1, 1]}
(in true (map (--> obj (isFree (.. obj origin))) (map (--> obj (move obj -1 -3)) (filter (--> obj (== (.. obj id) x)) (prev addedObjType3List)))))|{'5': [0, 0, 0, 0, 0, 0, 0, 0, 0, 0, 0, 0, 0, 1, 1, 0, 1, 1, 1, 1, 1, 1, 1, 1, 1, 1], '4': [0, 0, 0, 0, 0, 0, 0, 0, 0, 1, 1, 1, 1, 1, 1, 1, 1, 1, 1, 1, 1, 1, 1, 1, 1, 1], '3': [0, 0, 0, 1, 1, 0, 1, 1, 1, 1, 1, 1, 1, 1, 1, 1, 1, 1, 1, 1, 1, 1, 1, 1, 1, 1]}
down|[0, 0, 1, 0, 0, 0, 0, 0, 1, 0, 0, 0, 1, 0, 0, 0, 0, 0, 0, 0, 0, 0, 0, 0, 0, 0]
"(! (intersects (map (--> obj (moveUp obj)) (filter (--> obj (== (.. obj id) x)) (prev addedObjType3List))) (filter (--> obj (== (.. obj color) ""lightblue"")) (prev addedObjType3List))))"|{'5': [1, 1, 1, 1, 1, 1, 1, 1, 1, 1, 1, 1, 1, 1, 1, 1, 1, 1, 1, 1, 1, 1, 1, 1, 1, 1], '4': [1, 1, 1, 1, 1, 1, 1, 1, 1, 1, 1, 1, 1, 1, 1, 1, 1, 1, 1, 1, 1, 1, 1, 1, 1, 1], '3': [1, 1, 1, 1, 1, 1, 1, 1, 1, 1, 1, 1, 1, 1, 0, 0, 0, 0, 1, 1, 1, 1, 1, 1, 1, 1]}
"(! (in (Position 0 -2) (map (--> obj2 (displacement (.. obj2 origin) (if (== 0 (length (filter (--> obj (== (.. obj id) x)) (prev addedObjType3List)))) then (Position -10 -10) else (.. (first (filter (--> obj (== (.. obj id) x)) (prev addedObjType3List))) origin)))) (filter (--> obj2 (== (.. obj2 color) ""lightblue"")) (prev addedObjType3List)))))"|{'5': [1, 1, 1, 1, 1, 1, 1, 1, 1, 1, 1, 1, 1, 1, 1, 1, 1, 1, 1, 1, 1, 1, 1, 1, 1, 1], '4': [1, 1, 1, 1, 1, 1, 1, 1, 1, 1, 1, 1, 1, 0, 1, 1, 1, 1, 1, 1, 1, 1, 1, 1, 1, 1], '3': [1, 1, 1, 1, 1, 1, 1, 1, 1, 1, 1, 1, 1, 1, 1, 1, 1, 1, 1, 1, 1, 1, 1, 1, 1, 1]}
(in true (map (--> obj (isFree (.. obj origin))) (map (--> obj (move obj 1 -1)) (filter (--> obj (== (.. obj id) x)) (prev addedObjType3List)))))|{'5': [0, 0, 0, 0, 0, 0, 0, 0, 0, 0, 0, 0, 0, 0, 1, 1, 1, 1, 1, 1, 1, 1, 1, 1, 1, 1], '4': [0, 0, 0, 0, 0, 0, 0, 0, 0, 0, 1, 1, 1, 1, 1, 1, 1, 0, 0, 1, 1, 1, 1, 1, 1, 1], '3': [0, 0, 0, 0, 1, 1, 1, 1, 1, 1, 1, 1, 1, 1, 1, 1, 1, 1, 1, 0, 1, 1, 1, 1, 1, 1]}
(in true (map (--> obj (isFree (.. obj origin))) (map (--> obj (move obj 1 -3)) (filter (--> obj (== (.. obj id) x)) (prev addedObjType3List)))))|{'5': [0, 0, 0, 0, 0, 0, 0, 0, 0, 0, 0, 0, 0, 1, 1, 1, 1, 1, 1, 1, 1, 1, 1, 1, 1, 1], '4': [0, 0, 0, 0, 0, 0, 0, 0, 0, 1, 1, 0, 1, 1, 1, 0, 1, 1, 1, 1, 1, 1, 1, 1, 1, 1], '3': [0, 0, 0, 1, 1, 0, 1, 1, 1, 1, 1, 1, 1, 1, 1, 1, 0, 1, 1, 1, 1, 1, 1, 1, 1, 1]}
"(intersects (unfold (map (--> obj (adjacentObjs obj 1)) (filter (--> obj (== (.. obj id) x)) (prev addedObjType3List)))) (filter (--> obj (== (.. obj color) ""lightblue"")) (prev addedObjType3List)))"|{'5': [0, 0, 0, 0, 0, 0, 0, 0, 0, 0, 0, 0, 0, 0, 0, 0, 0, 0, 0, 0, 0, 0, 0, 0, 0, 0], '4': [0, 0, 0, 0, 0, 0, 0, 0, 0, 0, 0, 0, 0, 0, 1, 1, 1, 1, 0, 0, 0, 0, 0, 0, 0, 0], '3': [0, 0, 0, 0, 0, 0, 0, 0, 0, 0, 0, 0, 0, 0, 1, 1, 1, 1, 0, 0, 0, 0, 0, 0, 0, 0]}
(in true (map (--> obj (isFree (.. obj origin))) (map (--> obj (move obj 0 -3)) (filter (--> obj (== (.. obj id) x)) (prev addedObjType3List)))))|{'5': [0, 0, 0, 0, 0, 0, 0, 0, 0, 0, 0, 0, 0, 1, 1, 0, 1, 1, 1, 1, 1, 1, 1, 1, 1, 1], '4': [0, 0, 0, 0, 0, 0, 0, 0, 0, 1, 1, 0, 1, 1, 1, 1, 1, 1, 1, 1, 1, 1, 1, 1, 1, 1], '3': [0, 0, 0, 1, 1, 0, 1, 1, 1, 1, 1, 1, 0, 1, 1, 1, 1, 1, 1, 1, 1, 1, 1, 1, 1, 1]}
(in true (map (--> obj (isWithinBounds obj)) (map (--> obj (move obj 1 -3)) (filter (--> obj (== (.. obj id) x)) (prev addedObjType3List)))))|{'5': [0, 0, 0, 0, 0, 0, 0, 0, 0, 0, 0, 0, 0, 0, 0, 1, 1, 1, 1, 1, 1, 1, 1, 1, 1, 1], '4': [0, 0, 0, 0, 0, 0, 0, 0, 0, 0, 0, 1, 1, 1, 1, 1, 1, 1, 1, 1, 1, 1, 1, 1, 1, 1], '3': [0, 0, 0, 0, 0, 1, 1, 1, 1, 1, 1, 1, 1, 1, 1, 1, 1, 1, 1, 1, 1, 1, 1, 1, 1, 1]}
"(in (Position -1 1) (map (--> obj2 (displacement (.. obj2 origin) (if (== 0 (length (filter (--> obj (== (.. obj id) x)) (prev addedObjType3List)))) then (Position -10 -10) else (.. (first (filter (--> obj (== (.. obj id) x)) (prev addedObjType3List))) origin)))) (filter (--> obj2 (== (.. obj2 color) ""blue"")) (prev addedObjType3List))))"|{'5': [0, 0, 0, 0, 0, 0, 0, 0, 0, 0, 0, 0, 0, 0, 0, 0, 0, 0, 0, 0, 0, 0, 0, 0, 0, 0], '4': [0, 0, 0, 0, 0, 0, 0, 0, 0, 0, 0, 0, 0, 0, 0, 0, 0, 0, 1, 0, 0, 0, 0, 0, 0, 0], '3': [0, 0, 0, 0, 0, 0, 0, 0, 0, 0, 0, 0, 0, 0, 0, 0, 0, 0, 0, 1, 0, 0, 0, 0, 0, 0]}
(intersects (move (prev obj2) 1 2) (prev addedObjType3List))|[0, 0, 0, 0, 1, 0, 0, 0, 0, 0, 1, 0, 0, 0, 1, 0, 0, 0, 0, 0, 0, 0, 0, 0, 0, 0]
"(! (in (Position -1 3) (map (--> obj2 (displacement (.. obj2 origin) (if (== 0 (length (filter (--> obj (== (.. obj id) x)) (prev addedObjType3List)))) then (Position -10 -10) else (.. (first (filter (--> obj (== (.. obj id) x)) (prev addedObjType3List))) origin)))) (filter (--> obj2 (== (.. obj2 color) ""lightblue"")) (prev addedObjType3List)))))"|{'5': [1, 1, 1, 1, 1, 1, 1, 1, 1, 1, 1, 1, 1, 1, 1, 1, 1, 1, 1, 1, 1, 1, 1, 1, 1, 1], '4': [1, 1, 1, 1, 1, 1, 1, 1, 1, 1, 1, 1, 1, 1, 1, 0, 1, 1, 1, 1, 1, 1, 1, 1, 1, 1], '3': [1, 1, 1, 1, 1, 1, 1, 1, 1, 1, 1, 1, 1, 1, 1, 1, 0, 1, 1, 1, 1, 1, 1, 1, 1, 1]}
"(! (in (Position -1 2) (map (--> obj2 (displacement (.. obj2 origin) (if (== 0 (length (filter (--> obj (== (.. obj id) x)) (prev addedObjType3List)))) then (Position -10 -10) else (.. (first (filter (--> obj (== (.. obj id) x)) (prev addedObjType3List))) origin)))) (filter (--> obj2 (== (.. obj2 color) ""lightblue"")) (prev addedObjType3List)))))"|{'5': [1, 1, 1, 1, 1, 1, 1, 1, 1, 1, 1, 1, 1, 1, 1, 1, 1, 1, 1, 1, 1, 1, 1, 1, 1, 1], '4': [1, 1, 1, 1, 1, 1, 1, 1, 1, 1, 1, 1, 1, 1, 1, 1, 0, 1, 1, 1, 1, 1, 1, 1, 1, 1], '3': [1, 1, 1, 1, 1, 1, 1, 1, 1, 1, 1, 1, 1, 1, 1, 1, 1, 0, 1, 1, 1, 1, 1, 1, 1, 1]}
(in true (map (--> obj (isFree (.. obj origin))) (map (--> obj (move obj 1 -2)) (filter (--> obj (== (.. obj id) x)) (prev addedObjType3List)))))|{'5': [0, 0, 0, 0, 0, 0, 0, 0, 0, 0, 0, 0, 0, 1, 0, 1, 1, 1, 1, 1, 1, 1, 1, 1, 1, 1], '4': [0, 0, 0, 0, 0, 0, 0, 0, 0, 1, 0, 1, 1, 1, 1, 1, 0, 1, 1, 1, 1, 1, 1, 1, 1, 1], '3': [0, 0, 0, 1, 0, 1, 1, 1, 1, 1, 1, 1, 1, 1, 1, 1, 1, 0, 0, 1, 1, 1, 1, 1, 1, 1]}
(in true (map (--> obj (isFree (.. obj origin))) (map (--> obj (move obj 0 1)) (filter (--> obj (== (.. obj id) x)) (prev addedObjType3List)))))|{'5': [0, 0, 0, 0, 0, 0, 0, 0, 0, 0, 0, 0, 0, 1, 1, 1, 1, 1, 1, 1, 1, 1, 1, 1, 1, 1], '4': [0, 0, 0, 0, 0, 0, 0, 0, 0, 1, 1, 1, 1, 1, 0, 0, 0, 0, 0, 1, 1, 1, 1, 1, 1, 1], '3': [0, 0, 0, 1, 1, 1, 1, 1, 1, 1, 1, 1, 1, 1, 1, 1, 1, 1, 1, 1, 1, 1, 1, 1, 1, 1]}
"(& down (! (in (Position 0 0) (map (--> obj2 (displacement (.. obj2 origin) (if (== 0 (length (filter (--> obj (== (.. obj id) x)) (prev addedObjType3List)))) then (Position -10 -10) else (.. (first (filter (--> obj (== (.. obj id) x)) (prev addedObjType3List))) origin)))) (filter (--> obj2 (== (.. obj2 color) ""lightblue"")) (prev addedObjType3List))))))"|{'5': [0, 0, 1, 0, 0, 0, 0, 0, 1, 0, 0, 0, 1, 0, 0, 0, 0, 0, 0, 0, 0, 0, 0, 0, 0, 0], '4': [0, 0, 1, 0, 0, 0, 0, 0, 1, 0, 0, 0, 0, 0, 0, 0, 0, 0, 0, 0, 0, 0, 0, 0, 0, 0], '3': [0, 0, 1, 0, 0, 0, 0, 0, 0, 0, 0, 0, 0, 0, 0, 0, 0, 0, 0, 0, 0, 0, 0, 0, 0, 0]}
(! (intersects (move (prev obj1) -3 1) (prev addedObjType3List)))|[1, 1, 1, 1, 1, 1, 1, 1, 1, 1, 1, 1, 1, 0, 1, 1, 1, 1, 1, 1, 1, 1, 1, 1, 1, 1]
"(== (.. (prev obj1) color) ""gray"")"|[0, 0, 0, 0, 0, 0, 0, 1, 1, 1, 1, 1, 1, 1, 1, 1, 1, 1, 0, 0, 0, 0, 0, 0, 0, 0]
(in true (map (--> obj (isFree (.. obj origin))) (map (--> obj (move obj -3 -1)) (filter (--> obj (== (.. obj id) x)) (prev addedObjType3List)))))|{'5': [0, 0, 0, 0, 0, 0, 0, 0, 0, 0, 0, 0, 0, 1, 1, 1, 1, 1, 1, 1, 1, 1, 1, 1, 1, 1], '4': [0, 0, 0, 0, 0, 0, 0, 0, 0, 0, 0, 1, 1, 1, 1, 1, 1, 1, 1, 1, 1, 1, 1, 1, 1, 1], '3': [0, 0, 0, 0, 0, 1, 1, 1, 1, 1, 1, 1, 1, 1, 1, 1, 1, 1, 1, 1, 1, 1, 1, 1, 1, 1]}
clicked|[0, 0, 0, 0, 0, 0, 1, 0, 0, 0, 0, 0, 0, 0, 0, 0, 0, 1, 0, 0, 0, 0, 0, 0, 0, 0]
left|[0, 0, 0, 0, 0, 0, 0, 0, 0, 0, 0, 0, 0, 0, 1, 0, 0, 0, 0, 0, 0, 0, 0, 0, 0, 0]
(in 1 (map (--> obj (.. (.. obj origin) y)) (filter (--> obj (== (.. obj id) x)) (prev addedObjType3List))))|{'5': [0, 0, 0, 0, 0, 0, 0, 0, 0, 0, 0, 0, 0, 1, 0, 0, 0, 0, 0, 0, 0, 0, 0, 0, 0, 0], '4': [0, 0, 0, 0, 0, 0, 0, 0, 0, 1, 0, 0, 0, 0, 0, 0, 0, 0, 0, 0, 0, 0, 0, 0, 0, 0], '3': [0, 0, 0, 1, 0, 0, 0, 0, 0, 0, 0, 0, 0, 0, 0, 0, 0, 0, 0, 0, 0, 0, 0, 0, 0, 0]}
"(in (Position 1 -3) (map (--> obj2 (displacement (.. obj2 origin) (if (== 0 (length (filter (--> obj (== (.. obj id) x)) (prev addedObjType3List)))) then (Position -10 -10) else (.. (first (filter (--> obj (== (.. obj id) x)) (prev addedObjType3List))) origin)))) (filter (--> obj2 (== (.. obj2 color) ""lightblue"")) (prev addedObjType3List))))"|{'5': [0, 0, 0, 0, 0, 0, 0, 0, 0, 0, 0, 0, 0, 0, 0, 1, 1, 0, 0, 0, 0, 0, 0, 0, 0, 0], '4': [0, 0, 0, 0, 0, 0, 0, 0, 0, 0, 0, 0, 0, 0, 0, 0, 0, 0, 0, 0, 0, 0, 0, 0, 0, 0], '3': [0, 0, 0, 0, 0, 0, 0, 0, 0, 0, 0, 0, 0, 0, 0, 0, 0, 0, 0, 0, 0, 0, 0, 0, 0, 0]}
(! (intersects (map (--> obj (.. (moveUpNoCollision (prev obj)) origin)) (filter (--> obj (== (.. obj id) x)) (prev addedObjType3List))) (map (--> obj (.. (prev obj) origin)) (filter (--> obj (== (.. obj id) x)) (prev addedObjType3List)))))|{'5': [1, 1, 1, 1, 1, 1, 1, 1, 1, 1, 1, 1, 1, 0, 1, 1, 1, 1, 1, 1, 1, 1, 1, 1, 1, 1], '4': [1, 1, 1, 1, 1, 1, 1, 1, 1, 0, 1, 1, 1, 1, 1, 1, 1, 1, 1, 1, 1, 1, 1, 1, 1, 1], '3': [1, 1, 1, 0, 1, 1, 1, 1, 1, 1, 1, 1, 1, 1, 0, 0, 0, 0, 0, 1, 1, 1, 1, 1, 1, 1]}
(in true (map (--> obj (isFree (.. obj origin))) (map (--> obj (move obj -3 0)) (filter (--> obj (== (.. obj id) x)) (prev addedObjType3List)))))|{'5': [0, 0, 0, 0, 0, 0, 0, 0, 0, 0, 0, 0, 0, 1, 1, 1, 1, 1, 1, 1, 1, 1, 1, 1, 1, 1], '4': [0, 0, 0, 0, 0, 0, 0, 0, 0, 0, 1, 1, 1, 1, 1, 1, 1, 1, 1, 1, 1, 1, 1, 1, 1, 1], '3': [0, 0, 0, 0, 1, 1, 1, 1, 1, 1, 1, 1, 1, 1, 1, 1, 1, 1, 1, 1, 1, 1, 1, 1, 1, 1]}
(intersects (move (prev obj2) 0 1) (prev addedObjType3List))|[0, 0, 0, 1, 0, 0, 0, 0, 0, 1, 0, 0, 0, 1, 0, 0, 0, 0, 0, 0, 0, 0, 0, 0, 0, 0]
"(intersects (unfold (map (--> obj (adjacentObjs obj 1)) (filter (--> obj (== (.. obj id) x)) (prev addedObjType3List)))) (filter (--> obj (== (.. obj color) ""blue"")) (prev addedObjType3List)))"|{'5': [0, 0, 0, 0, 0, 0, 0, 0, 0, 0, 0, 0, 0, 0, 0, 0, 0, 0, 0, 0, 1, 1, 1, 1, 1, 1], '4': [0, 0, 0, 0, 0, 0, 0, 0, 0, 0, 0, 0, 0, 0, 0, 0, 0, 0, 1, 0, 1, 1, 1, 1, 1, 1], '3': [0, 0, 0, 0, 0, 0, 0, 0, 0, 0, 0, 0, 0, 0, 0, 0, 0, 0, 1, 0, 1, 1, 1, 1, 1, 1]}
(in (Position -1 -3) (map (--> obj (displacement (.. obj origin) (.. (prev obj2) origin))) (filter (--> obj (== (.. obj id) x)) (prev addedObjType3List))))|{'5': [0, 0, 0, 0, 0, 0, 0, 0, 0, 0, 0, 0, 0, 0, 0, 1, 0, 0, 0, 0, 0, 0, 0, 0, 0, 0], '4': [0, 0, 0, 0, 0, 0, 0, 0, 0, 0, 0, 0, 0, 0, 0, 0, 0, 0, 0, 0, 0, 0, 0, 0, 0, 0], '3': [0, 0, 0, 0, 0, 0, 0, 0, 0, 0, 0, 0, 0, 0, 0, 0, 0, 0, 0, 0, 0, 0, 0, 0, 0, 0]}
"(in (Position 2 0) (map (--> obj2 (displacement (.. obj2 origin) (if (== 0 (length (filter (--> obj (== (.. obj id) x)) (prev addedObjType3List)))) then (Position -10 -10) else (.. (first (filter (--> obj (== (.. obj id) x)) (prev addedObjType3List))) origin)))) (filter (--> obj2 (== (.. obj2 color) ""blue"")) (prev addedObjType3List))))"|{'5': [0, 0, 0, 0, 0, 0, 0, 0, 0, 0, 0, 0, 0, 0, 0, 0, 0, 0, 0, 1, 1, 1, 1, 1, 1, 1], '4': [0, 0, 0, 0, 0, 0, 0, 0, 0, 0, 0, 0, 0, 0, 0, 0, 0, 0, 0, 0, 0, 0, 0, 0, 0, 0], '3': [0, 0, 0, 0, 0, 0, 0, 0, 0, 0, 0, 0, 0, 0, 0, 0, 0, 0, 0, 0, 0, 0, 0, 0, 0, 0]}
(intersects (move (prev obj1) -3 1) (prev addedObjType3List))|[0, 0, 0, 0, 0, 0, 0, 0, 0, 0, 0, 0, 0, 1, 0, 0, 0, 0, 0, 0, 0, 0, 0, 0, 0, 0]
"(== (.. (prev obj1) color) ""gold"")"|[1, 1, 1, 1, 1, 1, 1, 0, 0, 0, 0, 0, 0, 0, 0, 0, 0, 0, 1, 1, 1, 1, 1, 1, 1, 1]
(in true (map (--> obj (isFree (.. obj origin))) (map (--> obj (move obj -1 2)) (filter (--> obj (== (.. obj id) x)) (prev addedObjType3List)))))|{'5': [0, 0, 0, 0, 0, 0, 0, 0, 0, 0, 0, 0, 0, 1, 1, 1, 0, 0, 0, 1, 1, 1, 1, 1, 1, 1], '4': [0, 0, 0, 0, 0, 0, 0, 0, 0, 1, 1, 1, 1, 1, 1, 1, 1, 1, 1, 1, 1, 1, 1, 1, 1, 1], '3': [0, 0, 0, 1, 1, 1, 1, 1, 1, 1, 1, 1, 1, 1, 1, 1, 1, 1, 1, 1, 1, 1, 1, 1, 1, 1]}
"(intersects (map (--> obj (moveRight obj)) (filter (--> obj (== (.. obj id) x)) (prev addedObjType3List))) (filter (--> obj (== (.. obj color) ""blue"")) (prev addedObjType3List)))"|{'5': [0, 0, 0, 0, 0, 0, 0, 0, 0, 0, 0, 0, 0, 0, 0, 0, 0, 0, 0, 0, 0, 0, 0, 0, 0, 0], '4': [0, 0, 0, 0, 0, 0, 0, 0, 0, 0, 0, 0, 0, 0, 0, 0, 0, 0, 0, 0, 1, 1, 1, 1, 1, 1], '3': [0, 0, 0, 0, 0, 0, 0, 0, 0, 0, 0, 0, 0, 0, 0, 0, 0, 0, 0, 0, 1, 1, 1, 1, 1, 1]}
"(& left (! (in (Position 0 1) (map (--> obj2 (displacement (.. obj2 origin) (if (== 0 (length (filter (--> obj (== (.. obj id) x)) (prev addedObjType3List)))) then (Position -10 -10) else (.. (first (filter (--> obj (== (.. obj id) x)) (prev addedObjType3List))) origin)))) (filter (--> obj2 (== (.. obj2 color) ""lightblue"")) (prev addedObjType3List))))))"|{'5': [0, 0, 0, 0, 0, 0, 0, 0, 0, 0, 0, 0, 0, 0, 1, 0, 0, 0, 0, 0, 0, 0, 0, 0, 0, 0], '4': [0, 0, 0, 0, 0, 0, 0, 0, 0, 0, 0, 0, 0, 0, 1, 0, 0, 0, 0, 0, 0, 0, 0, 0, 0, 0], '3': [0, 0, 0, 0, 0, 0, 0, 0, 0, 0, 0, 0, 0, 0, 0, 0, 0, 0, 0, 0, 0, 0, 0, 0, 0, 0]}
"(intersects (map (--> obj (moveLeft obj)) (filter (--> obj (== (.. obj id) x)) (prev addedObjType3List))) (filter (--> obj (== (.. obj color) ""blue"")) (prev addedObjType3List)))"|{'5': [0, 0, 0, 0, 0, 0, 0, 0, 0, 0, 0, 0, 0, 0, 0, 0, 0, 0, 0, 0, 1, 1, 1, 1, 1, 1], '4': [0, 0, 0, 0, 0, 0, 0, 0, 0, 0, 0, 0, 0, 0, 0, 0, 0, 0, 0, 0, 0, 0, 0, 0, 0, 0], '3': [0, 0, 0, 0, 0, 0, 0, 0, 0, 0, 0, 0, 0, 0, 0, 0, 0, 0, 0, 0, 1, 1, 1, 1, 1, 1]}
"(intersects (list ""blue"") (map (--> obj (.. obj color)) (filter (--> obj (== (.. obj id) x)) (prev addedObjType3List))))"|{'5': [0, 0, 0, 0, 0, 0, 0, 0, 0, 0, 0, 0, 0, 0, 0, 0, 0, 0, 1, 1, 1, 1, 1, 1, 1, 1], '4': [0, 0, 0, 0, 0, 0, 0, 0, 0, 0, 0, 0, 0, 0, 0, 0, 0, 0, 1, 1, 1, 1, 1, 1, 1, 1], '3': [0, 0, 0, 1, 1, 1, 1, 0, 0, 0, 0, 0, 0, 0, 0, 0, 0, 0, 1, 1, 1, 1, 1, 1, 1, 1]}
"(& left (in (Position 0 -1) (map (--> obj2 (displacement (.. obj2 origin) (if (== 0 (length (filter (--> obj (== (.. obj id) x)) (prev addedObjType3List)))) then (Position -10 -10) else (.. (first (filter (--> obj (== (.. obj id) x)) (prev addedObjType3List))) origin)))) (filter (--> obj2 (== (.. obj2 color) ""lightblue"")) (prev addedObjType3List)))))"|{'5': [0, 0, 0, 0, 0, 0, 0, 0, 0, 0, 0, 0, 0, 0, 0, 0, 0, 0, 0, 0, 0, 0, 0, 0, 0, 0], '4': [0, 0, 0, 0, 0, 0, 0, 0, 0, 0, 0, 0, 0, 0, 1, 0, 0, 0, 0, 0, 0, 0, 0, 0, 0, 0], '3': [0, 0, 0, 0, 0, 0, 0, 0, 0, 0, 0, 0, 0, 0, 0, 0, 0, 0, 0, 0, 0, 0, 0, 0, 0, 0]}
(! (intersects (move (prev obj1) 3 0) (prev addedObjType3List)))|[1, 1, 1, 0, 1, 1, 1, 1, 1, 0, 1, 1, 1, 1, 1, 1, 1, 1, 1, 1, 1, 1, 1, 1, 1, 1]
(in true (map (--> obj (isFree (.. obj origin))) (map (--> obj (move obj 1 1)) (filter (--> obj (== (.. obj id) x)) (prev addedObjType3List)))))|{'5': [0, 0, 0, 0, 0, 0, 0, 0, 0, 0, 0, 0, 0, 1, 1, 1, 1, 1, 1, 1, 1, 1, 1, 1, 1, 1], '4': [0, 0, 0, 0, 0, 0, 0, 0, 0, 1, 1, 1, 1, 1, 1, 1, 1, 1, 1, 0, 1, 1, 1, 1, 1, 1], '3': [0, 0, 0, 1, 1, 1, 1, 1, 1, 1, 1, 1, 1, 1, 1, 1, 1, 1, 1, 1, 1, 1, 1, 1, 1, 1]}
"(& right (! (in (Position 0 0) (map (--> obj2 (displacement (.. obj2 origin) (if (== 0 (length (filter (--> obj (== (.. obj id) x)) (prev addedObjType3List)))) then (Position -10 -10) else (.. (first (filter (--> obj (== (.. obj id) x)) (prev addedObjType3List))) origin)))) (filter (--> obj2 (== (.. obj2 color) ""lightblue"")) (prev addedObjType3List))))))"|{'5': [0, 0, 0, 0, 0, 0, 0, 0, 0, 0, 1, 0, 0, 0, 0, 0, 0, 0, 0, 0, 0, 0, 0, 0, 0, 0], '4': [0, 0, 0, 0, 0, 0, 0, 0, 0, 0, 0, 0, 0, 0, 0, 0, 0, 0, 0, 0, 0, 0, 0, 0, 0, 0], '3': [0, 0, 0, 0, 0, 0, 0, 0, 0, 0, 0, 0, 0, 0, 0, 0, 0, 0, 0, 0, 0, 0, 0, 0, 0, 0]}
(intersects (move (prev obj2) 0 3) (prev addedObjType3List))|[0, 0, 0, 0, 0, 1, 0, 0, 0, 0, 0, 1, 0, 0, 0, 1, 0, 0, 0, 0, 0, 0, 0, 0, 0, 0]
(in true (map (--> obj (isWithinBounds obj)) (map (--> obj (move obj 3 1)) (filter (--> obj (== (.. obj id) x)) (prev addedObjType3List)))))|{'5': [0, 0, 0, 0, 0, 0, 0, 0, 0, 0, 0, 0, 0, 0, 0, 0, 0, 0, 0, 0, 0, 0, 0, 0, 0, 0], '4': [0, 0, 0, 0, 0, 0, 0, 0, 0, 1, 1, 1, 1, 1, 1, 1, 1, 1, 1, 1, 0, 0, 0, 0, 0, 0], '3': [0, 0, 0, 1, 1, 1, 1, 1, 1, 1, 0, 0, 0, 0, 0, 0, 0, 0, 0, 0, 0, 0, 0, 0, 0, 0]}
"(! (in (Position 1 -2) (map (--> obj2 (displacement (.. obj2 origin) (if (== 0 (length (filter (--> obj (== (.. obj id) x)) (prev addedObjType3List)))) then (Position -10 -10) else (.. (first (filter (--> obj (== (.. obj id) x)) (prev addedObjType3List))) origin)))) (filter (--> obj2 (== (.. obj2 color) ""lightblue"")) (prev addedObjType3List)))))"|{'5': [1, 1, 1, 1, 1, 1, 1, 1, 1, 1, 1, 1, 1, 1, 1, 1, 0, 0, 1, 1, 1, 1, 1, 1, 1, 1], '4': [1, 1, 1, 1, 1, 1, 1, 1, 1, 1, 1, 1, 1, 1, 1, 1, 1, 1, 1, 1, 1, 1, 1, 1, 1, 1], '3': [1, 1, 1, 1, 1, 1, 1, 1, 1, 1, 1, 1, 1, 1, 1, 1, 1, 1, 1, 1, 1, 1, 1, 1, 1, 1]}
(& right (in (Position 0 -2) (map (--> obj (displacement (.. obj origin) (.. (prev obj2) origin))) (filter (--> obj (== (.. obj id) x)) (prev addedObjType3List)))))|{'5': [0, 0, 0, 0, 0, 0, 0, 0, 0, 0, 0, 0, 0, 0, 0, 0, 0, 0, 0, 0, 0, 0, 0, 0, 0, 0], '4': [0, 0, 0, 0, 0, 0, 0, 0, 0, 0, 1, 0, 0, 0, 0, 0, 0, 0, 0, 0, 0, 0, 0, 0, 0, 0], '3': [0, 0, 0, 0, 0, 0, 0, 0, 0, 0, 0, 0, 0, 0, 0, 0, 0, 0, 0, 0, 0, 0, 0, 0, 0, 0]}
(! (intersects (map (--> obj (.. (moveDownNoCollision (prev obj)) origin)) (filter (--> obj (== (.. obj id) x)) (prev addedObjType3List))) (map (--> obj (.. (prev obj) origin)) (filter (--> obj (== (.. obj id) x)) (prev addedObjType3List)))))|{'5': [1, 1, 1, 1, 1, 1, 1, 1, 1, 1, 1, 1, 1, 1, 1, 1, 1, 1, 1, 1, 0, 0, 0, 0, 0, 0], '4': [1, 1, 1, 1, 1, 1, 1, 1, 1, 1, 1, 1, 1, 1, 0, 0, 0, 0, 0, 1, 0, 0, 0, 0, 0, 0], '3': [1, 1, 1, 1, 1, 1, 1, 1, 1, 1, 0, 0, 0, 0, 0, 0, 0, 0, 0, 0, 0, 0, 0, 0, 0, 0]}
"(! (in (Position 0 4) (map (--> obj2 (displacement (.. obj2 origin) (if (== 0 (length (filter (--> obj (== (.. obj id) x)) (prev addedObjType3List)))) then (Position -10 -10) else (.. (first (filter (--> obj (== (.. obj id) x)) (prev addedObjType3List))) origin)))) (filter (--> obj2 (== (.. obj2 color) ""lightblue"")) (prev addedObjType3List)))))"|{'5': [1, 1, 1, 1, 1, 1, 1, 1, 1, 1, 1, 1, 1, 1, 1, 1, 1, 1, 1, 1, 1, 1, 1, 1, 1, 1], '4': [1, 1, 1, 1, 1, 1, 1, 1, 1, 1, 1, 1, 1, 1, 1, 1, 1, 1, 1, 1, 1, 1, 1, 1, 1, 1], '3': [1, 1, 1, 1, 1, 1, 1, 1, 1, 1, 1, 0, 1, 1, 1, 1, 1, 1, 1, 1, 1, 1, 1, 1, 1, 1]}
"(intersects (map (--> obj (moveUp obj)) (filter (--> obj (== (.. obj id) x)) (prev addedObjType3List))) (filter (--> obj (== (.. obj color) ""lightblue"")) (prev addedObjType3List)))"|{'5': [0, 0, 0, 0, 0, 0, 0, 0, 0, 0, 0, 0, 0, 0, 0, 0, 0, 0, 0, 0, 0, 0, 0, 0, 0, 0], '4': [0, 0, 0, 0, 0, 0, 0, 0, 0, 0, 0, 0, 0, 0, 0, 0, 0, 0, 0, 0, 0, 0, 0, 0, 0, 0], '3': [0, 0, 0, 0, 0, 0, 0, 0, 0, 0, 0, 0, 0, 0, 1, 1, 1, 1, 0, 0, 0, 0, 0, 0, 0, 0]}
(in true (map (--> obj (isFree (.. obj origin))) (map (--> obj (move obj 0 3)) (filter (--> obj (== (.. obj id) x)) (prev addedObjType3List)))))|{'5': [0, 0, 0, 0, 0, 0, 0, 0, 0, 0, 0, 0, 0, 1, 1, 1, 1, 1, 1, 1, 1, 1, 1, 1, 1, 1], '4': [0, 0, 0, 0, 0, 0, 0, 0, 0, 1, 1, 1, 0, 1, 1, 1, 1, 1, 1, 1, 1, 1, 1, 1, 1, 1], '3': [0, 0, 0, 1, 1, 1, 1, 1, 1, 1, 1, 1, 1, 1, 1, 1, 1, 1, 1, 1, 1, 1, 1, 1, 1, 1]}
(! (intersects (move (prev obj2) 0 3) (prev addedObjType3List)))|[1, 1, 1, 1, 1, 0, 1, 1, 1, 1, 1, 0, 1, 1, 1, 0, 1, 1, 1, 1, 1, 1, 1, 1, 1, 1]
"(! (in (Position -2 0) (map (--> obj2 (displacement (.. obj2 origin) (if (== 0 (length (filter (--> obj (== (.. obj id) x)) (prev addedObjType3List)))) then (Position -10 -10) else (.. (first (filter (--> obj (== (.. obj id) x)) (prev addedObjType3List))) origin)))) (filter (--> obj2 (== (.. obj2 color) ""blue"")) (prev addedObjType3List)))))"|{'5': [1, 1, 1, 1, 1, 1, 1, 1, 1, 1, 1, 1, 1, 1, 1, 1, 1, 1, 1, 1, 1, 1, 1, 1, 1, 1], '4': [1, 1, 1, 1, 1, 1, 1, 1, 1, 1, 1, 1, 1, 1, 1, 1, 1, 1, 1, 0, 0, 0, 0, 0, 0, 0], '3': [1, 1, 1, 1, 1, 1, 1, 1, 1, 1, 1, 1, 1, 1, 1, 1, 1, 1, 1, 1, 1, 1, 1, 1, 1, 1]}
up|[0, 0, 0, 0, 0, 0, 0, 0, 0, 0, 0, 0, 0, 0, 0, 0, 0, 0, 0, 0, 0, 0, 0, 0, 0, 0]
"(& left (! (in (Position 0 -1) (map (--> obj2 (displacement (.. obj2 origin) (if (== 0 (length (filter (--> obj (== (.. obj id) x)) (prev addedObjType3List)))) then (Position -10 -10) else (.. (first (filter (--> obj (== (.. obj id) x)) (prev addedObjType3List))) origin)))) (filter (--> obj2 (== (.. obj2 color) ""lightblue"")) (prev addedObjType3List))))))"|{'5': [0, 0, 0, 0, 0, 0, 0, 0, 0, 0, 0, 0, 0, 0, 1, 0, 0, 0, 0, 0, 0, 0, 0, 0, 0, 0], '4': [0, 0, 0, 0, 0, 0, 0, 0, 0, 0, 0, 0, 0, 0, 0, 0, 0, 0, 0, 0, 0, 0, 0, 0, 0, 0], '3': [0, 0, 0, 0, 0, 0, 0, 0, 0, 0, 0, 0, 0, 0, 1, 0, 0, 0, 0, 0, 0, 0, 0, 0, 0, 0]}
"(in (Position 0 4) (map (--> obj2 (displacement (.. obj2 origin) (if (== 0 (length (filter (--> obj (== (.. obj id) x)) (prev addedObjType3List)))) then (Position -10 -10) else (.. (first (filter (--> obj (== (.. obj id) x)) (prev addedObjType3List))) origin)))) (filter (--> obj2 (== (.. obj2 color) ""lightblue"")) (prev addedObjType3List))))"|{'5': [0, 0, 0, 0, 0, 0, 0, 0, 0, 0, 0, 0, 0, 0, 0, 0, 0, 0, 0, 0, 0, 0, 0, 0, 0, 0], '4': [0, 0, 0, 0, 0, 0, 0, 0, 0, 0, 0, 0, 0, 0, 0, 0, 0, 0, 0, 0, 0, 0, 0, 0, 0, 0], '3': [0, 0, 0, 0, 0, 0, 0, 0, 0, 0, 0, 1, 0, 0, 0, 0, 0, 0, 0, 0, 0, 0, 0, 0, 0, 0]}
"(& down (! (in (Position 0 -3) (map (--> obj2 (displacement (.. obj2 origin) (if (== 0 (length (filter (--> obj (== (.. obj id) x)) (prev addedObjType3List)))) then (Position -10 -10) else (.. (first (filter (--> obj (== (.. obj id) x)) (prev addedObjType3List))) origin)))) (filter (--> obj2 (== (.. obj2 color) ""lightblue"")) (prev addedObjType3List))))))"|{'5': [0, 0, 1, 0, 0, 0, 0, 0, 1, 0, 0, 0, 1, 0, 0, 0, 0, 0, 0, 0, 0, 0, 0, 0, 0, 0], '4': [0, 0, 1, 0, 0, 0, 0, 0, 1, 0, 0, 0, 0, 0, 0, 0, 0, 0, 0, 0, 0, 0, 0, 0, 0, 0], '3': [0, 0, 1, 0, 0, 0, 0, 0, 1, 0, 0, 0, 1, 0, 0, 0, 0, 0, 0, 0, 0, 0, 0, 0, 0, 0]}
(in true (map (--> obj (isFree (.. obj origin))) (map (--> obj (move obj -1 3)) (filter (--> obj (== (.. obj id) x)) (prev addedObjType3List)))))|{'5': [0, 0, 0, 0, 0, 0, 0, 0, 0, 0, 0, 0, 0, 1, 1, 0, 0, 1, 1, 1, 1, 1, 1, 1, 1, 1], '4': [0, 0, 0, 0, 0, 0, 0, 0, 0, 1, 1, 1, 1, 1, 1, 1, 1, 1, 1, 1, 1, 1, 1, 1, 1, 1], '3': [0, 0, 0, 1, 1, 1, 1, 1, 1, 1, 1, 1, 1, 1, 1, 1, 1, 1, 1, 1, 1, 1, 1, 1, 1, 1]}
"(! (in (Position 1 -3) (map (--> obj2 (displacement (.. obj2 origin) (if (== 0 (length (filter (--> obj (== (.. obj id) x)) (prev addedObjType3List)))) then (Position -10 -10) else (.. (first (filter (--> obj (== (.. obj id) x)) (prev addedObjType3List))) origin)))) (filter (--> obj2 (== (.. obj2 color) ""lightblue"")) (prev addedObjType3List)))))"|{'5': [1, 1, 1, 1, 1, 1, 1, 1, 1, 1, 1, 1, 1, 1, 1, 0, 0, 1, 1, 1, 1, 1, 1, 1, 1, 1], '4': [1, 1, 1, 1, 1, 1, 1, 1, 1, 1, 1, 1, 1, 1, 1, 1, 1, 1, 1, 1, 1, 1, 1, 1, 1, 1], '3': [1, 1, 1, 1, 1, 1, 1, 1, 1, 1, 1, 1, 1, 1, 1, 1, 1, 1, 1, 1, 1, 1, 1, 1, 1, 1]}
"(& left (in (Position 0 1) (map (--> obj2 (displacement (.. obj2 origin) (if (== 0 (length (filter (--> obj (== (.. obj id) x)) (prev addedObjType3List)))) then (Position -10 -10) else (.. (first (filter (--> obj (== (.. obj id) x)) (prev addedObjType3List))) origin)))) (filter (--> obj2 (== (.. obj2 color) ""lightblue"")) (prev addedObjType3List)))))"|{'5': [0, 0, 0, 0, 0, 0, 0, 0, 0, 0, 0, 0, 0, 0, 0, 0, 0, 0, 0, 0, 0, 0, 0, 0, 0, 0], '4': [0, 0, 0, 0, 0, 0, 0, 0, 0, 0, 0, 0, 0, 0, 0, 0, 0, 0, 0, 0, 0, 0, 0, 0, 0, 0], '3': [0, 0, 0, 0, 0, 0, 0, 0, 0, 0, 0, 0, 0, 0, 1, 0, 0, 0, 0, 0, 0, 0, 0, 0, 0, 0]}
(& clicked (! (in (objClicked click (prev addedObjType3List)) (filter (--> obj (== (.. obj id) x)) (prev addedObjType3List)))))|{'5': [0, 0, 0, 0, 0, 0, 1, 0, 0, 0, 0, 0, 0, 0, 0, 0, 0, 1, 0, 0, 0, 0, 0, 0, 0, 0], '4': [0, 0, 0, 0, 0, 0, 1, 0, 0, 0, 0, 0, 0, 0, 0, 0, 0, 1, 0, 0, 0, 0, 0, 0, 0, 0], '3': [0, 0, 0, 0, 0, 0, 1, 0, 0, 0, 0, 0, 0, 0, 0, 0, 0, 1, 0, 0, 0, 0, 0, 0, 0, 0]}
"(! (intersects (map (--> obj (moveUp obj)) (filter (--> obj (== (.. obj id) x)) (prev addedObjType3List))) (filter (--> obj (== (.. obj color) ""blue"")) (prev addedObjType3List))))"|{'5': [1, 1, 1, 1, 1, 1, 1, 1, 1, 1, 1, 1, 1, 1, 1, 1, 1, 1, 1, 1, 1, 1, 1, 1, 1, 1], '4': [1, 1, 1, 1, 1, 1, 1, 1, 1, 1, 1, 1, 1, 1, 1, 1, 1, 1, 1, 1, 1, 1, 1, 1, 1, 1], '3': [1, 1, 1, 1, 1, 1, 1, 1, 1, 1, 1, 1, 1, 1, 1, 1, 1, 1, 0, 1, 1, 1, 1, 1, 1, 1]}
"(in (Position 1 -2) (map (--> obj2 (displacement (.. obj2 origin) (if (== 0 (length (filter (--> obj (== (.. obj id) x)) (prev addedObjType3List)))) then (Position -10 -10) else (.. (first (filter (--> obj (== (.. obj id) x)) (prev addedObjType3List))) origin)))) (filter (--> obj2 (== (.. obj2 color) ""lightblue"")) (prev addedObjType3List))))"|{'5': [0, 0, 0, 0, 0, 0, 0, 0, 0, 0, 0, 0, 0, 0, 0, 0, 1, 1, 0, 0, 0, 0, 0, 0, 0, 0], '4': [0, 0, 0, 0, 0, 0, 0, 0, 0, 0, 0, 0, 0, 0, 0, 0, 0, 0, 0, 0, 0, 0, 0, 0, 0, 0], '3': [0, 0, 0, 0, 0, 0, 0, 0, 0, 0, 0, 0, 0, 0, 0, 0, 0, 0, 0, 0, 0, 0, 0, 0, 0, 0]}
"(! (intersects (map (--> obj (moveLeft obj)) (filter (--> obj (== (.. obj id) x)) (prev addedObjType3List))) (filter (--> obj (== (.. obj color) ""blue"")) (prev addedObjType3List))))"|{'5': [1, 1, 1, 1, 1, 1, 1, 1, 1, 1, 1, 1, 1, 1, 1, 1, 1, 1, 1, 1, 0, 0, 0, 0, 0, 0], '4': [1, 1, 1, 1, 1, 1, 1, 1, 1, 1, 1, 1, 1, 1, 1, 1, 1, 1, 1, 1, 1, 1, 1, 1, 1, 1], '3': [1, 1, 1, 1, 1, 1, 1, 1, 1, 1, 1, 1, 1, 1, 1, 1, 1, 1, 1, 1, 0, 0, 0, 0, 0, 0]}
true|[1, 1, 1, 1, 1, 1, 1, 1, 1, 1, 1, 1, 1, 1, 1, 1, 1, 1, 1, 1, 1, 1, 1, 1, 1, 1]
(in true (map (--> obj (isFree (.. obj origin))) (map (--> obj (move obj -1 -1)) (filter (--> obj (== (.. obj id) x)) (prev addedObjType3List)))))|{'5': [0, 0, 0, 0, 0, 0, 0, 0, 0, 0, 0, 0, 0, 0, 1, 1, 1, 1, 1, 1, 1, 1, 1, 1, 1, 1], '4': [0, 0, 0, 0, 0, 0, 0, 0, 0, 0, 1, 1, 1, 1, 1, 1, 1, 1, 1, 1, 1, 1, 1, 1, 1, 1], '3': [0, 0, 0, 0, 1, 1, 1, 1, 1, 1, 1, 1, 1, 1, 1, 1, 1, 1, 1, 0, 1, 1, 1, 1, 1, 1]}
"(in (Position 1 -1) (map (--> obj2 (displacement (.. obj2 origin) (if (== 0 (length (filter (--> obj (== (.. obj id) x)) (prev addedObjType3List)))) then (Position -10 -10) else (.. (first (filter (--> obj (== (.. obj id) x)) (prev addedObjType3List))) origin)))) (filter (--> obj2 (== (.. obj2 color) ""blue"")) (prev addedObjType3List))))"|{'5': [0, 0, 0, 0, 0, 0, 0, 0, 0, 0, 0, 0, 0, 0, 0, 0, 0, 0, 1, 1, 0, 0, 0, 0, 0, 0], '4': [0, 0, 0, 0, 0, 0, 0, 0, 0, 0, 0, 0, 0, 0, 0, 0, 0, 0, 0, 0, 0, 0, 0, 0, 0, 0], '3': [0, 0, 0, 0, 0, 0, 0, 0, 0, 0, 0, 0, 0, 0, 0, 0, 0, 0, 0, 0, 0, 0, 0, 0, 0, 0]}
"(in (Position -2 0) (map (--> obj2 (displacement (.. obj2 origin) (if (== 0 (length (filter (--> obj (== (.. obj id) x)) (prev addedObjType3List)))) then (Position -10 -10) else (.. (first (filter (--> obj (== (.. obj id) x)) (prev addedObjType3List))) origin)))) (filter (--> obj2 (== (.. obj2 color) ""blue"")) (prev addedObjType3List))))"|{'5': [0, 0, 0, 0, 0, 0, 0, 0, 0, 0, 0, 0, 0, 0, 0, 0, 0, 0, 0, 0, 0, 0, 0, 0, 0, 0], '4': [0, 0, 0, 0, 0, 0, 0, 0, 0, 0, 0, 0, 0, 0, 0, 0, 0, 0, 0, 1, 1, 1, 1, 1, 1, 1], '3': [0, 0, 0, 0, 0, 0, 0, 0, 0, 0, 0, 0, 0, 0, 0, 0, 0, 0, 0, 0, 0, 0, 0, 0, 0, 0]}
"(! (in (Position 0 0) (map (--> obj2 (displacement (.. obj2 origin) (if (== 0 (length (filter (--> obj (== (.. obj id) x)) (prev addedObjType3List)))) then (Position -10 -10) else (.. (first (filter (--> obj (== (.. obj id) x)) (prev addedObjType3List))) origin)))) (filter (--> obj2 (== (.. obj2 color) ""lightblue"")) (prev addedObjType3List)))))"|{'5': [1, 1, 1, 1, 1, 1, 1, 1, 1, 1, 1, 1, 1, 0, 0, 0, 0, 0, 1, 1, 1, 1, 1, 1, 1, 1], '4': [1, 1, 1, 1, 1, 1, 1, 1, 1, 0, 0, 0, 0, 0, 0, 0, 0, 0, 1, 1, 1, 1, 1, 1, 1, 1], '3': [1, 1, 1, 1, 1, 1, 1, 0, 0, 0, 0, 0, 0, 0, 0, 0, 0, 0, 1, 1, 1, 1, 1, 1, 1, 1]}
"(in (Position -1 2) (map (--> obj2 (displacement (.. obj2 origin) (if (== 0 (length (filter (--> obj (== (.. obj id) x)) (prev addedObjType3List)))) then (Position -10 -10) else (.. (first (filter (--> obj (== (.. obj id) x)) (prev addedObjType3List))) origin)))) (filter (--> obj2 (== (.. obj2 color) ""lightblue"")) (prev addedObjType3List))))"|{'5': [0, 0, 0, 0, 0, 0, 0, 0, 0, 0, 0, 0, 0, 0, 0, 0, 0, 0, 0, 0, 0, 0, 0, 0, 0, 0], '4': [0, 0, 0, 0, 0, 0, 0, 0, 0, 0, 0, 0, 0, 0, 0, 0, 1, 0, 0, 0, 0, 0, 0, 0, 0, 0], '3': [0, 0, 0, 0, 0, 0, 0, 0, 0, 0, 0, 0, 0, 0, 0, 0, 0, 1, 0, 0, 0, 0, 0, 0, 0, 0]}
"(intersects (map (--> obj (moveDown obj)) (filter (--> obj (== (.. obj id) x)) (prev addedObjType3List))) (filter (--> obj (== (.. obj color) ""lightblue"")) (prev addedObjType3List)))"|{'5': [0, 0, 0, 0, 0, 0, 0, 0, 0, 0, 0, 0, 0, 0, 0, 0, 0, 0, 0, 0, 0, 0, 0, 0, 0, 0], '4': [0, 0, 0, 0, 0, 0, 0, 0, 0, 0, 0, 0, 0, 0, 1, 1, 1, 1, 0, 0, 0, 0, 0, 0, 0, 0], '3': [0, 0, 0, 0, 0, 0, 0, 0, 0, 0, 0, 0, 0, 0, 0, 0, 0, 0, 0, 0, 0, 0, 0, 0, 0, 0]}
"(! (in (Position 0 0) (map (--> obj2 (displacement (.. obj2 origin) (if (== 0 (length (filter (--> obj (== (.. obj id) x)) (prev addedObjType3List)))) then (Position -10 -10) else (.. (first (filter (--> obj (== (.. obj id) x)) (prev addedObjType3List))) origin)))) (filter (--> obj2 (== (.. obj2 color) ""blue"")) (prev addedObjType3List)))))"|{'5': [1, 1, 1, 1, 1, 1, 1, 1, 1, 1, 1, 1, 1, 1, 1, 1, 1, 1, 0, 0, 0, 0, 0, 0, 0, 0], '4': [1, 1, 1, 1, 1, 1, 1, 1, 1, 1, 1, 1, 1, 1, 1, 1, 1, 1, 0, 0, 0, 0, 0, 0, 0, 0], '3': [1, 1, 1, 0, 0, 0, 0, 1, 1, 1, 1, 1, 1, 1, 1, 1, 1, 1, 0, 0, 0, 0, 0, 0, 0, 0]}
"(! (in (Position 2 0) (map (--> obj2 (displacement (.. obj2 origin) (if (== 0 (length (filter (--> obj (== (.. obj id) x)) (prev addedObjType3List)))) then (Position -10 -10) else (.. (first (filter (--> obj (== (.. obj id) x)) (prev addedObjType3List))) origin)))) (filter (--> obj2 (== (.. obj2 color) ""blue"")) (prev addedObjType3List)))))"|{'5': [1, 1, 1, 1, 1, 1, 1, 1, 1, 1, 1, 1, 1, 1, 1, 1, 1, 1, 1, 0, 0, 0, 0, 0, 0, 0], '4': [1, 1, 1, 1, 1, 1, 1, 1, 1, 1, 1, 1, 1, 1, 1, 1, 1, 1, 1, 1, 1, 1, 1, 1, 1, 1], '3': [1, 1, 1, 1, 1, 1, 1, 1, 1, 1, 1, 1, 1, 1, 1, 1, 1, 1, 1, 1, 1, 1, 1, 1, 1, 1]}
"(! (in (Position 0 -4) (map (--> obj2 (displacement (.. obj2 origin) (if (== 0 (length (filter (--> obj (== (.. obj id) x)) (prev addedObjType3List)))) then (Position -10 -10) else (.. (first (filter (--> obj (== (.. obj id) x)) (prev addedObjType3List))) origin)))) (filter (--> obj2 (== (.. obj2 color) ""lightblue"")) (prev addedObjType3List)))))"|{'5': [1, 1, 1, 1, 1, 1, 1, 1, 1, 1, 1, 1, 1, 1, 1, 1, 1, 1, 1, 1, 1, 1, 1, 1, 1, 1], '4': [1, 1, 1, 1, 1, 1, 1, 1, 1, 1, 1, 0, 1, 1, 1, 1, 1, 1, 1, 1, 1, 1, 1, 1, 1, 1], '3': [1, 1, 1, 1, 1, 1, 1, 1, 1, 1, 1, 1, 1, 1, 1, 1, 1, 1, 1, 1, 1, 1, 1, 1, 1, 1]}
"(intersects (list ""lightblue"") (map (--> obj (.. obj color)) (filter (--> obj (== (.. obj id) x)) (prev addedObjType3List))))"|{'5': [0, 0, 0, 0, 0, 0, 0, 0, 0, 0, 0, 0, 0, 1, 1, 1, 1, 1, 0, 0, 0, 0, 0, 0, 0, 0], '4': [0, 0, 0, 0, 0, 0, 0, 0, 0, 1, 1, 1, 1, 1, 1, 1, 1, 1, 0, 0, 0, 0, 0, 0, 0, 0], '3': [0, 0, 0, 0, 0, 0, 0, 1, 1, 1, 1, 1, 1, 1, 1, 1, 1, 1, 0, 0, 0, 0, 0, 0, 0, 0]}
"(! (intersects (map (--> obj (moveLeft obj)) (filter (--> obj (== (.. obj id) x)) (prev addedObjType3List))) (filter (--> obj (== (.. obj color) ""lightblue"")) (prev addedObjType3List))))"|{'5': [1, 1, 1, 1, 1, 1, 1, 1, 1, 1, 1, 1, 1, 1, 1, 1, 1, 1, 1, 1, 1, 1, 1, 1, 1, 1], '4': [1, 1, 1, 1, 1, 1, 1, 1, 1, 1, 1, 1, 1, 1, 1, 1, 1, 1, 1, 1, 1, 1, 1, 1, 1, 1], '3': [1, 1, 1, 1, 1, 1, 1, 1, 1, 1, 1, 1, 1, 1, 1, 1, 1, 1, 1, 1, 1, 1, 1, 1, 1, 1]}
"(! (intersects (map (--> obj (moveDown obj)) (filter (--> obj (== (.. obj id) x)) (prev addedObjType3List))) (filter (--> obj (== (.. obj color) ""lightblue"")) (prev addedObjType3List))))"|{'5': [1, 1, 1, 1, 1, 1, 1, 1, 1, 1, 1, 1, 1, 1, 1, 1, 1, 1, 1, 1, 1, 1, 1, 1, 1, 1], '4': [1, 1, 1, 1, 1, 1, 1, 1, 1, 1, 1, 1, 1, 1, 0, 0, 0, 0, 1, 1, 1, 1, 1, 1, 1, 1], '3': [1, 1, 1, 1, 1, 1, 1, 1, 1, 1, 1, 1, 1, 1, 1, 1, 1, 1, 1, 1, 1, 1, 1, 1, 1, 1]}
"(intersects (map (--> obj (moveUp obj)) (filter (--> obj (== (.. obj id) x)) (prev addedObjType3List))) (filter (--> obj (== (.. obj color) ""blue"")) (prev addedObjType3List)))"|{'5': [0, 0, 0, 0, 0, 0, 0, 0, 0, 0, 0, 0, 0, 0, 0, 0, 0, 0, 0, 0, 0, 0, 0, 0, 0, 0], '4': [0, 0, 0, 0, 0, 0, 0, 0, 0, 0, 0, 0, 0, 0, 0, 0, 0, 0, 0, 0, 0, 0, 0, 0, 0, 0], '3': [0, 0, 0, 0, 0, 0, 0, 0, 0, 0, 0, 0, 0, 0, 0, 0, 0, 0, 1, 0, 0, 0, 0, 0, 0, 0]}
"(! (intersects (map (--> obj (moveRight obj)) (filter (--> obj (== (.. obj id) x)) (prev addedObjType3List))) (filter (--> obj (== (.. obj color) ""blue"")) (prev addedObjType3List))))"|{'5': [1, 1, 1, 1, 1, 1, 1, 1, 1, 1, 1, 1, 1, 1, 1, 1, 1, 1, 1, 1, 1, 1, 1, 1, 1, 1], '4': [1, 1, 1, 1, 1, 1, 1, 1, 1, 1, 1, 1, 1, 1, 1, 1, 1, 1, 1, 1, 0, 0, 0, 0, 0, 0], '3': [1, 1, 1, 1, 1, 1, 1, 1, 1, 1, 1, 1, 1, 1, 1, 1, 1, 1, 1, 1, 0, 0, 0, 0, 0, 0]}
"(in (Position -1 3) (map (--> obj2 (displacement (.. obj2 origin) (if (== 0 (length (filter (--> obj (== (.. obj id) x)) (prev addedObjType3List)))) then (Position -10 -10) else (.. (first (filter (--> obj (== (.. obj id) x)) (prev addedObjType3List))) origin)))) (filter (--> obj2 (== (.. obj2 color) ""lightblue"")) (prev addedObjType3List))))"|{'5': [0, 0, 0, 0, 0, 0, 0, 0, 0, 0, 0, 0, 0, 0, 0, 0, 0, 0, 0, 0, 0, 0, 0, 0, 0, 0], '4': [0, 0, 0, 0, 0, 0, 0, 0, 0, 0, 0, 0, 0, 0, 0, 1, 0, 0, 0, 0, 0, 0, 0, 0, 0, 0], '3': [0, 0, 0, 0, 0, 0, 0, 0, 0, 0, 0, 0, 0, 0, 0, 0, 1, 0, 0, 0, 0, 0, 0, 0, 0, 0]}
